Rc files read:
  /etc/LatexMk
Latexmk: This is Latexmk, John Collins, 31 Jan. 2024. Version 4.83.
No existing .aux file, so I'll make a simple one, and require run of *latex.
Latexmk: applying rule 'lualatex'...
Rule 'lualatex':  Reasons for rerun
Category 'other':
  Rerun of 'lualatex' forced or previously required:
    Reason or flag: 'Initial setup'

------------
Run number 1 of rule 'lualatex'
------------
------------
Running 'lualatex  -interaction=nonstopmode -recorder -output-directory="build"  "report.tex"'
------------
This is LuaHBTeX, Version 1.17.0 (TeX Live 2023/Debian) 
 restricted system commands enabled.
(./report.tex
LaTeX2e <2023-11-01> patch level 1
L3 programming layer <2024-01-22>
 (/usr/share/texlive/texmf-dist/tex/latex/base/report.cls
Document Class: report 2023/05/17 v1.4n Standard LaTeX document class
(/usr/share/texlive/texmf-dist/tex/latex/base/size12.clo))
(/usr/share/texlive/texmf-dist/tex/latex/fontspec/fontspec.sty
(/usr/share/texlive/texmf-dist/tex/latex/l3packages/xparse/xparse.sty
(/usr/share/texlive/texmf-dist/tex/latex/l3kernel/expl3.sty
(/usr/share/texlive/texmf-dist/tex/latex/l3backend/l3backend-luatex.def)))
(/usr/share/texlive/texmf-dist/tex/latex/fontspec/fontspec-luatex.sty
(/usr/share/texlive/texmf-dist/tex/latex/base/fontenc.sty)
(/usr/share/texlive/texmf-dist/tex/latex/fontspec/fontspec.cfg)))
(/usr/share/texlive/texmf-dist/tex/latex/geometry/geometry.sty
(/usr/share/texlive/texmf-dist/tex/latex/graphics/keyval.sty)
(/usr/share/texlive/texmf-dist/tex/generic/iftex/ifvtex.sty
(/usr/share/texlive/texmf-dist/tex/generic/iftex/iftex.sty)))
(/usr/share/texlive/texmf-dist/tex/latex/amsmath/amsmath.sty
For additional information on amsmath, use the `?' option.
(/usr/share/texlive/texmf-dist/tex/latex/amsmath/amstext.sty
(/usr/share/texlive/texmf-dist/tex/latex/amsmath/amsgen.sty))
(/usr/share/texlive/texmf-dist/tex/latex/amsmath/amsbsy.sty)
(/usr/share/texlive/texmf-dist/tex/latex/amsmath/amsopn.sty))
(/usr/share/texlive/texmf-dist/tex/latex/amsfonts/amssymb.sty
(/usr/share/texlive/texmf-dist/tex/latex/amsfonts/amsfonts.sty))
(/usr/share/texlive/texmf-dist/tex/latex/graphics/graphicx.sty
(/usr/share/texlive/texmf-dist/tex/latex/graphics/graphics.sty
(/usr/share/texlive/texmf-dist/tex/latex/graphics/trig.sty)
(/usr/share/texlive/texmf-dist/tex/latex/graphics-cfg/graphics.cfg)
(/usr/share/texlive/texmf-dist/tex/latex/graphics-def/luatex.def)))
(/usr/share/texlive/texmf-dist/tex/latex/caption/caption.sty
(/usr/share/texlive/texmf-dist/tex/latex/caption/caption3.sty))
(/usr/share/texlive/texmf-dist/tex/latex/float/float.sty)
(/usr/share/texlive/texmf-dist/tex/latex/booktabs/booktabs.sty)
(/usr/share/texlive/texmf-dist/tex/latex/tools/tabularx.sty
(/usr/share/texlive/texmf-dist/tex/latex/tools/array.sty))
(/usr/share/texlive/texmf-dist/tex/latex/multirow/multirow.sty)
(/usr/share/texlive/texmf-dist/tex/latex/tools/longtable.sty)
(/usr/share/texlive/texmf-dist/tex/latex/makecell/makecell.sty)
(/usr/share/texlive/texmf-dist/tex/latex/xcolor/xcolor.sty
(/usr/share/texlive/texmf-dist/tex/latex/graphics-cfg/color.cfg)
(/usr/share/texlive/texmf-dist/tex/latex/graphics/mathcolor.ltx))
(/usr/share/texlive/texmf-dist/tex/latex/graphics/dvipsnam.def)
(/usr/share/texlive/texmf-dist/tex/latex/hyperref/hyperref.sty
(/usr/share/texlive/texmf-dist/tex/latex/kvsetkeys/kvsetkeys.sty)
(/usr/share/texlive/texmf-dist/tex/generic/kvdefinekeys/kvdefinekeys.sty)
(/usr/share/texlive/texmf-dist/tex/generic/pdfescape/pdfescape.sty
(/usr/share/texlive/texmf-dist/tex/generic/ltxcmds/ltxcmds.sty)
(/usr/share/texlive/texmf-dist/tex/generic/pdftexcmds/pdftexcmds.sty
(/usr/share/texlive/texmf-dist/tex/generic/infwarerr/infwarerr.sty)))
(/usr/share/texlive/texmf-dist/tex/latex/hycolor/hycolor.sty)
(/usr/share/texlive/texmf-dist/tex/latex/auxhook/auxhook.sty)
(/usr/share/texlive/texmf-dist/tex/latex/hyperref/nameref.sty
(/usr/share/texlive/texmf-dist/tex/latex/refcount/refcount.sty)
(/usr/share/texlive/texmf-dist/tex/generic/gettitlestring/gettitlestring.sty
(/usr/share/texlive/texmf-dist/tex/latex/kvoptions/kvoptions.sty)))
(/usr/share/texlive/texmf-dist/tex/latex/etoolbox/etoolbox.sty)
(/usr/share/texlive/texmf-dist/tex/latex/hyperref/pd1enc.def)
(/usr/share/texlive/texmf-dist/tex/generic/intcalc/intcalc.sty)
(/usr/share/texlive/texmf-dist/tex/latex/hyperref/puenc.def)
(/usr/share/texlive/texmf-dist/tex/latex/url/url.sty)
(/usr/share/texlive/texmf-dist/tex/generic/bitset/bitset.sty
(/usr/share/texlive/texmf-dist/tex/generic/bigintcalc/bigintcalc.sty))
(/usr/share/texlive/texmf-dist/tex/latex/base/atbegshi-ltx.sty))
(/usr/share/texlive/texmf-dist/tex/latex/hyperref/hluatex.def
(/usr/share/texlive/texmf-dist/tex/generic/stringenc/stringenc.sty)
(/usr/share/texlive/texmf-dist/tex/latex/base/atveryend-ltx.sty)
(/usr/share/texlive/texmf-dist/tex/latex/rerunfilecheck/rerunfilecheck.sty
(/usr/share/texlive/texmf-dist/tex/generic/uniquecounter/uniquecounter.sty)))
(/usr/share/texlive/texmf-dist/tex/latex/fancyhdr/fancyhdr.sty)
(/usr/share/texlive/texmf-dist/tex/latex/titlesec/titlesec.sty)
(/usr/share/texlive/texmf-dist/tex/latex/listings/listings.sty
(/usr/share/texlive/texmf-dist/tex/latex/listings/lstmisc.sty)
(/usr/share/texlive/texmf-dist/tex/latex/listings/listings.cfg))
(/usr/share/texlive/texmf-dist/tex/latex/pgf/frontendlayer/tikz.sty
(/usr/share/texlive/texmf-dist/tex/latex/pgf/basiclayer/pgf.sty
(/usr/share/texlive/texmf-dist/tex/latex/pgf/utilities/pgfrcs.sty
(/usr/share/texlive/texmf-dist/tex/generic/pgf/utilities/pgfutil-common.tex)
(/usr/share/texlive/texmf-dist/tex/generic/pgf/utilities/pgfutil-latex.def)
(/usr/share/texlive/texmf-dist/tex/generic/pgf/utilities/pgfrcs.code.tex
(/usr/share/texlive/texmf-dist/tex/generic/pgf/pgf.revision.tex)))
(/usr/share/texlive/texmf-dist/tex/latex/pgf/basiclayer/pgfcore.sty
(/usr/share/texlive/texmf-dist/tex/latex/pgf/systemlayer/pgfsys.sty
(/usr/share/texlive/texmf-dist/tex/generic/pgf/systemlayer/pgfsys.code.tex
(/usr/share/texlive/texmf-dist/tex/generic/pgf/utilities/pgfkeys.code.tex
(/usr/share/texlive/texmf-dist/tex/generic/pgf/utilities/pgfkeyslibraryfiltered
.code.tex)) (/usr/share/texlive/texmf-dist/tex/generic/pgf/systemlayer/pgf.cfg)
(/usr/share/texlive/texmf-dist/tex/generic/pgf/systemlayer/pgfsys-luatex.def
(/usr/share/texlive/texmf-dist/tex/generic/pgf/systemlayer/pgfsys-common-pdf.de
f)))
(/usr/share/texlive/texmf-dist/tex/generic/pgf/systemlayer/pgfsyssoftpath.code.
tex)
(/usr/share/texlive/texmf-dist/tex/generic/pgf/systemlayer/pgfsysprotocol.code.
tex))
(/usr/share/texlive/texmf-dist/tex/generic/pgf/basiclayer/pgfcore.code.tex
(/usr/share/texlive/texmf-dist/tex/generic/pgf/math/pgfmath.code.tex
(/usr/share/texlive/texmf-dist/tex/generic/pgf/math/pgfmathutil.code.tex)
(/usr/share/texlive/texmf-dist/tex/generic/pgf/math/pgfmathparser.code.tex)
(/usr/share/texlive/texmf-dist/tex/generic/pgf/math/pgfmathfunctions.code.tex)
(/usr/share/texlive/texmf-dist/tex/generic/pgf/math/pgfmathfunctions.basic.code
.tex)
(/usr/share/texlive/texmf-dist/tex/generic/pgf/math/pgfmathfunctions.trigonomet
ric.code.tex)
(/usr/share/texlive/texmf-dist/tex/generic/pgf/math/pgfmathfunctions.random.cod
e.tex)
(/usr/share/texlive/texmf-dist/tex/generic/pgf/math/pgfmathfunctions.comparison
.code.tex)
(/usr/share/texlive/texmf-dist/tex/generic/pgf/math/pgfmathfunctions.base.code.
tex)
(/usr/share/texlive/texmf-dist/tex/generic/pgf/math/pgfmathfunctions.round.code
.tex)
(/usr/share/texlive/texmf-dist/tex/generic/pgf/math/pgfmathfunctions.misc.code.
tex)
(/usr/share/texlive/texmf-dist/tex/generic/pgf/math/pgfmathfunctions.integerari
thmetics.code.tex)
(/usr/share/texlive/texmf-dist/tex/generic/pgf/math/pgfmathcalc.code.tex)
(/usr/share/texlive/texmf-dist/tex/generic/pgf/math/pgfmathfloat.code.tex))
(/usr/share/texlive/texmf-dist/tex/generic/pgf/math/pgfint.code.tex)
(/usr/share/texlive/texmf-dist/tex/generic/pgf/basiclayer/pgfcorepoints.code.te
x)
(/usr/share/texlive/texmf-dist/tex/generic/pgf/basiclayer/pgfcorepathconstruct.
code.tex)
(/usr/share/texlive/texmf-dist/tex/generic/pgf/basiclayer/pgfcorepathusage.code
.tex)
(/usr/share/texlive/texmf-dist/tex/generic/pgf/basiclayer/pgfcorescopes.code.te
x)
(/usr/share/texlive/texmf-dist/tex/generic/pgf/basiclayer/pgfcoregraphicstate.c
ode.tex)
(/usr/share/texlive/texmf-dist/tex/generic/pgf/basiclayer/pgfcoretransformation
s.code.tex)
(/usr/share/texlive/texmf-dist/tex/generic/pgf/basiclayer/pgfcorequick.code.tex
)
(/usr/share/texlive/texmf-dist/tex/generic/pgf/basiclayer/pgfcoreobjects.code.t
ex)
(/usr/share/texlive/texmf-dist/tex/generic/pgf/basiclayer/pgfcorepathprocessing
.code.tex)
(/usr/share/texlive/texmf-dist/tex/generic/pgf/basiclayer/pgfcorearrows.code.te
x)
(/usr/share/texlive/texmf-dist/tex/generic/pgf/basiclayer/pgfcoreshade.code.tex
)
(/usr/share/texlive/texmf-dist/tex/generic/pgf/basiclayer/pgfcoreimage.code.tex
)
(/usr/share/texlive/texmf-dist/tex/generic/pgf/basiclayer/pgfcoreexternal.code.
tex)
(/usr/share/texlive/texmf-dist/tex/generic/pgf/basiclayer/pgfcorelayers.code.te
x)
(/usr/share/texlive/texmf-dist/tex/generic/pgf/basiclayer/pgfcoretransparency.c
ode.tex)
(/usr/share/texlive/texmf-dist/tex/generic/pgf/basiclayer/pgfcorepatterns.code.
tex)
(/usr/share/texlive/texmf-dist/tex/generic/pgf/basiclayer/pgfcorerdf.code.tex))
)
(/usr/share/texlive/texmf-dist/tex/generic/pgf/modules/pgfmoduleshapes.code.tex
) (/usr/share/texlive/texmf-dist/tex/generic/pgf/modules/pgfmoduleplot.code.tex
)
(/usr/share/texlive/texmf-dist/tex/latex/pgf/compatibility/pgfcomp-version-0-65
.sty)
(/usr/share/texlive/texmf-dist/tex/latex/pgf/compatibility/pgfcomp-version-1-18
.sty)) (/usr/share/texlive/texmf-dist/tex/latex/pgf/utilities/pgffor.sty
(/usr/share/texlive/texmf-dist/tex/latex/pgf/utilities/pgfkeys.sty
(/usr/share/texlive/texmf-dist/tex/generic/pgf/utilities/pgfkeys.code.tex))
(/usr/share/texlive/texmf-dist/tex/latex/pgf/math/pgfmath.sty
(/usr/share/texlive/texmf-dist/tex/generic/pgf/math/pgfmath.code.tex))
(/usr/share/texlive/texmf-dist/tex/generic/pgf/utilities/pgffor.code.tex))
(/usr/share/texlive/texmf-dist/tex/generic/pgf/frontendlayer/tikz/tikz.code.tex

(/usr/share/texlive/texmf-dist/tex/generic/pgf/libraries/pgflibraryplothandlers
.code.tex)
(/usr/share/texlive/texmf-dist/tex/generic/pgf/modules/pgfmodulematrix.code.tex
)
(/usr/share/texlive/texmf-dist/tex/generic/pgf/frontendlayer/tikz/libraries/tik
zlibrarytopaths.code.tex)))
(/usr/share/texlive/texmf-dist/tex/generic/pgf/frontendlayer/tikz/libraries/tik
zlibraryshapes.code.tex
(/usr/share/texlive/texmf-dist/tex/generic/pgf/frontendlayer/tikz/libraries/tik
zlibraryshapes.geometric.code.tex
(/usr/share/texlive/texmf-dist/tex/generic/pgf/libraries/shapes/pgflibraryshape
s.geometric.code.tex))
(/usr/share/texlive/texmf-dist/tex/generic/pgf/frontendlayer/tikz/libraries/tik
zlibraryshapes.misc.code.tex
(/usr/share/texlive/texmf-dist/tex/generic/pgf/libraries/shapes/pgflibraryshape
s.misc.code.tex))
(/usr/share/texlive/texmf-dist/tex/generic/pgf/frontendlayer/tikz/libraries/tik
zlibraryshapes.symbols.code.tex
(/usr/share/texlive/texmf-dist/tex/generic/pgf/libraries/shapes/pgflibraryshape
s.symbols.code.tex))
(/usr/share/texlive/texmf-dist/tex/generic/pgf/frontendlayer/tikz/libraries/tik
zlibraryshapes.arrows.code.tex
(/usr/share/texlive/texmf-dist/tex/generic/pgf/libraries/shapes/pgflibraryshape
s.arrows.code.tex))
(/usr/share/texlive/texmf-dist/tex/generic/pgf/frontendlayer/tikz/libraries/tik
zlibraryshapes.callouts.code.tex
(/usr/share/texlive/texmf-dist/tex/generic/pgf/libraries/shapes/pgflibraryshape
s.callouts.code.tex))
(/usr/share/texlive/texmf-dist/tex/generic/pgf/frontendlayer/tikz/libraries/tik
zlibraryshapes.multipart.code.tex
(/usr/share/texlive/texmf-dist/tex/generic/pgf/libraries/shapes/pgflibraryshape
s.multipart.code.tex)))
(/usr/share/texlive/texmf-dist/tex/generic/pgf/libraries/pgflibraryarrows.meta.
code.tex)
(/usr/share/texlive/texmf-dist/tex/generic/pgf/frontendlayer/tikz/libraries/tik
zlibrarypositioning.code.tex)
(/usr/share/texlive/texmf-dist/tex/generic/pgf/frontendlayer/tikz/libraries/tik
zlibrarycalc.code.tex)
(/usr/share/texlive/texmf-dist/tex/generic/pgf/frontendlayer/tikz/libraries/tik
zlibraryfit.code.tex)
(/usr/share/texlive/texmf-dist/tex/generic/pgf/frontendlayer/tikz/libraries/tik
zlibrarybackgrounds.code.tex)
(/usr/share/texlive/texmf-dist/tex/latex/enumitem/enumitem.sty)
(/usr/share/texlive/texmf-dist/tex/latex/parskip/parskip.sty)
(/usr/share/texlive/texmf-dist/tex/latex/setspace/setspace.sty)
(/usr/share/texlive/texmf-dist/tex/latex/csquotes/csquotes.sty
(/usr/share/texlive/texmf-dist/tex/latex/csquotes/csquotes.def)
(/usr/share/texlive/texmf-dist/tex/latex/csquotes/csquotes.cfg))
(/usr/share/texlive/texmf-dist/tex/latex/mdframed/mdframed.sty
(/usr/share/texlive/texmf-dist/tex/latex/zref/zref-abspage.sty
(/usr/share/texlive/texmf-dist/tex/latex/zref/zref-base.sty
(/usr/share/texlive/texmf-dist/tex/generic/etexcmds/etexcmds.sty)))
(/usr/share/texlive/texmf-dist/tex/latex/needspace/needspace.sty)
(/usr/share/texlive/texmf-dist/tex/latex/mdframed/md-frame-0.mdf))
(/usr/share/texlive/texmf-dist/tex/latex/tcolorbox/tcolorbox.sty
(/usr/share/texlive/texmf-dist/tex/latex/tools/verbatim.sty)
(/usr/share/texlive/texmf-dist/tex/latex/environ/environ.sty
(/usr/share/texlive/texmf-dist/tex/latex/trimspaces/trimspaces.sty)))
(/usr/share/texlive/texmf-dist/tex/latex/tcolorbox/tcbraster.code.tex
Library (tcolorbox): 'tcbraster.code.tex' version '6.2.0'
) (/usr/share/texlive/texmf-dist/tex/latex/tcolorbox/tcbskins.code.tex
Library (tcolorbox): 'tcbskins.code.tex' version '6.2.0'
(/usr/share/texlive/texmf-dist/tex/latex/tikzfill/tikzfill.image.sty
(/usr/share/texlive/texmf-dist/tex/latex/tikzfill/tikzfill-common.sty)
(/usr/share/texlive/texmf-dist/tex/latex/tikzfill/tikzlibraryfill.image.code.te
x)) (/usr/share/texlive/texmf-dist/tex/latex/tcolorbox/tcbskinsjigsaw.code.tex
Library (tcolorbox): 'tcbskinsjigsaw.code.tex' version '6.2.0'
)) (/usr/share/texlive/texmf-dist/tex/latex/tcolorbox/tcbbreakable.code.tex
Library (tcolorbox): 'tcbbreakable.code.tex' version '6.2.0'
(/usr/share/texlive/texmf-dist/tex/latex/pdfcol/pdfcol.sty)
(/usr/share/texlive/texmf-dist/tex/generic/iftex/ifluatex.sty))
(/usr/share/texlive/texmf-dist/tex/latex/tcolorbox/tcbhooks.code.tex
Library (tcolorbox): 'tcbhooks.code.tex' version '6.2.0'
) (/usr/share/texlive/texmf-dist/tex/latex/tcolorbox/tcbtheorems.code.tex
Library (tcolorbox): 'tcbtheorems.code.tex' version '6.2.0'
) (/usr/share/texlive/texmf-dist/tex/latex/tcolorbox/tcbfitting.code.tex
Library (tcolorbox): 'tcbfitting.code.tex' version '6.2.0'
) (/usr/share/texlive/texmf-dist/tex/latex/tcolorbox/tcblistingsutf8.code.tex
Library (tcolorbox): 'tcblistingsutf8.code.tex' version '6.2.0'
(/usr/share/texlive/texmf-dist/tex/latex/tcolorbox/tcblistings.code.tex
Library (tcolorbox): 'tcblistings.code.tex' version '6.2.0'
(/usr/share/texlive/texmf-dist/tex/latex/tcolorbox/tcblistingscore.code.tex
Library (tcolorbox): 'tcblistingscore.code.tex' version '6.2.0'
(/usr/share/texlive/texmf-dist/tex/latex/tcolorbox/tcbprocessing.code.tex
Library (tcolorbox): 'tcbprocessing.code.tex' version '6.2.0'
)))) (/usr/share/texlive/texmf-dist/tex/latex/tcolorbox/tcbexternal.code.tex
Library (tcolorbox): 'tcbexternal.code.tex' version '6.2.0'
) (/usr/share/texlive/texmf-dist/tex/latex/tcolorbox/tcbmagazine.code.tex
Library (tcolorbox): 'tcbmagazine.code.tex' version '6.2.0'
) (/usr/share/texlive/texmf-dist/tex/latex/tcolorbox/tcbvignette.code.tex
Library (tcolorbox): 'tcbvignette.code.tex' version '6.2.0'

(/usr/share/texlive/texmf-dist/tex/generic/pgf/frontendlayer/tikz/libraries/tik
zlibraryfadings.code.tex
(/usr/share/texlive/texmf-dist/tex/generic/pgf/libraries/pgflibraryfadings.code
.tex))) (/usr/share/texlive/texmf-dist/tex/latex/tcolorbox/tcbposter.code.tex
Library (tcolorbox): 'tcbposter.code.tex' version '6.2.0'
) (/usr/share/texlive/texmf-dist/tex/latex/polyglossia/polyglossia.sty
(/usr/share/texlive/texmf-dist/tex/latex/xkeyval/xkeyval.sty
(/usr/share/texlive/texmf-dist/tex/generic/xkeyval/xkeyval.tex
(/usr/share/texlive/texmf-dist/tex/generic/xkeyval/xkvutils.tex)))
(/usr/share/texlive/texmf-dist/tex/luatex/luatexbase/luatexbase.sty
(/usr/share/texlive/texmf-dist/tex/luatex/ctablestack/ctablestack.sty))
(/usr/share/texlive/texmf-dist/tex/latex/polyglossia/gloss-latex.lde))
(/usr/share/texlive/texmf-dist/tex/latex/polyglossia/gloss-english.ldf)
(/usr/share/texlive/texmf-dist/tex/latex/polyglossia/gloss-arabic.ldf
(/usr/share/texlive/texmf-dist/tex/lualatex/luabidi/luabidi.sty
(/usr/share/texlive/texmf-dist/tex/lualatex/luabidi/luabidi-footnotes.def))
(/usr/share/texlive/texmf-dist/tex/latex/polyglossia/arabicnumbers.sty)
(/usr/share/texlive/texmf-dist/tex/latex/polyglossia/hijrical.sty
(/usr/share/texlive/texmf-dist/tex/latex/tools/calc.sty)
(/usr/share/texlive/texmf-dist/tex/latex/polyglossia/cal-util.def)))
(/usr/share/texlive/texmf-dist/tex/latex/biblatex/biblatex.sty
(/usr/share/texlive/texmf-dist/tex/latex/logreq/logreq.sty
(/usr/share/texlive/texmf-dist/tex/latex/logreq/logreq.def))
(/usr/share/texlive/texmf-dist/tex/latex/base/ifthen.sty)
(/usr/share/texlive/texmf-dist/tex/latex/biblatex/blx-dm.def)
(/usr/share/texlive/texmf-dist/tex/latex/biblatex/blx-unicode.def)
(/usr/share/texlive/texmf-dist/tex/latex/biblatex/blx-compat.def)
(/usr/share/texlive/texmf-dist/tex/latex/biblatex/biblatex.def)
(/usr/share/texlive/texmf-dist/tex/latex/biblatex/bbx/numeric-comp.bbx
(/usr/share/texlive/texmf-dist/tex/latex/biblatex/bbx/numeric.bbx
(/usr/share/texlive/texmf-dist/tex/latex/biblatex/bbx/standard.bbx)))
(/usr/share/texlive/texmf-dist/tex/latex/biblatex/cbx/numeric-comp.cbx)
(/usr/share/texlive/texmf-dist/tex/latex/biblatex/biblatex.cfg)
(/usr/share/texlive/texmf-dist/tex/latex/biblatex/blx-case-expl3.sty))
(./build/report.aux) (/usr/share/texlive/texmf-dist/tex/latex/base/ts1cmr.fd)
*geometry* driver: auto-detecting
*geometry* detected driver: luatex
(/usr/share/texlive/texmf-dist/tex/context/base/mkii/supp-pdf.mkii
[Loading MPS to PDF converter (version 2006.09.02).]
) (/usr/share/texlive/texmf-dist/tex/latex/epstopdf-pkg/epstopdf-base.sty
(/usr/share/texlive/texmf-dist/tex/latex/latexconfig/epstopdf-sys.cfg))
(/usr/share/texlive/texmf-dist/tex/latex/caption/ltcaption.sty)

Package biblatex Warning: Language 'arabic' not supported.
(biblatex)                Using dummy definitions on input line 227.

(/usr/share/texlive/texmf-dist/tex/latex/biblatex/lbx/american.lbx
(/usr/share/texlive/texmf-dist/tex/latex/biblatex/lbx/english.lbx)
(/usr/share/texlive/texmf-dist/tex/latex/biblatex/lbx/english.lbx))
No file report.bbl.

Underfull \vbox (badness 10000) has occurred while \output is active [1{/var/li
b/texmf/fonts/map/pdftex/updmap/pdftex.map}]

Package fancyhdr Warning: \headheight is too small (14.0pt): 
(fancyhdr)                Make it at least 24.01996pt, for example:
(fancyhdr)                \setlength{\headheight}{24.01996pt}.
(fancyhdr)                You might also make \topmargin smaller to compensate:

(fancyhdr)                \addtolength{\topmargin}{-10.01996pt}.

[2]
No file report.toc.
 [1]
No file report.lot.
 [2] (./chapters/ch01_poetry_landscape.tex
Chapter 1.

Overfull \hbox (19.79901pt too wide) in paragraph at lines 23--24
\TU/Amiri(0)/m/n/12 الجاهلي[][]\TU/TeXGyrePagella(0)/m/n/12 ), the great
 Ab-basid mas-ters (al-Mutanabbi, Abu Tam-mam, al-Buhturi),

warning  (pdf backend): ignoring duplicate destination with the name 'page.1'
[1
Missing character: There is no ا (U+0627) in font TeXGyrePagella:mode=node;scr
ipt=latn;language=dflt;+tlig;!
Missing character: There is no ل (U+0644) in font TeXGyrePagella:mode=node;scr
ipt=latn;language=dflt;+tlig;!
Missing character: There is no ب (U+0628) in font TeXGyrePagella:mode=node;scr
ipt=latn;language=dflt;+tlig;!
Missing character: There is no ح (U+062D) in font TeXGyrePagella:mode=node;scr
ipt=latn;language=dflt;+tlig;!
Missing character: There is no و (U+0648) in font TeXGyrePagella:mode=node;scr
ipt=latn;language=dflt;+tlig;!
Missing character: There is no ر (U+0631) in font TeXGyrePagella:mode=node;scr
ipt=latn;language=dflt;+tlig;!
Missing character: There is no ا (U+0627) in font TeXGyrePagella:mode=node;scr
ipt=latn;language=dflt;+tlig;!
Missing character: There is no ل (U+0644) in font TeXGyrePagella:mode=node;scr
ipt=latn;language=dflt;+tlig;!
Missing character: There is no خ (U+062E) in font TeXGyrePagella:mode=node;scr
ipt=latn;language=dflt;+tlig;!
Missing character: There is no ل (U+0644) in font TeXGyrePagella:mode=node;scr
ipt=latn;language=dflt;+tlig;!
Missing character: There is no ي (U+064A) in font TeXGyrePagella:mode=node;scr
ipt=latn;language=dflt;+tlig;!
Missing character: There is no ل (U+0644) in font TeXGyrePagella:mode=node;scr
ipt=latn;language=dflt;+tlig;!
Missing character: There is no ي (U+064A) in font TeXGyrePagella:mode=node;scr
ipt=latn;language=dflt;+tlig;!
Missing character: There is no ة (U+0629) in font TeXGyrePagella:mode=node;scr
ipt=latn;language=dflt;+tlig;!
Missing character: There is no ا (U+0627) in font TeXGyrePagella:mode=node;scr
ipt=latn;language=dflt;+tlig;!
Missing character: There is no ل (U+0644) in font TeXGyrePagella:mode=node;scr
ipt=latn;language=dflt;+tlig;!
Missing character: There is no س (U+0633) in font TeXGyrePagella:mode=node;scr
ipt=latn;language=dflt;+tlig;!
Missing character: There is no ت (U+062A) in font TeXGyrePagella:mode=node;scr
ipt=latn;language=dflt;+tlig;!
Missing character: There is no ة (U+0629) in font TeXGyrePagella:mode=node;scr
ipt=latn;language=dflt;+tlig;!
Missing character: There is no ع (U+0639) in font TeXGyrePagella:mode=node;scr
ipt=latn;language=dflt;+tlig;!
Missing character: There is no ش (U+0634) in font TeXGyrePagella:mode=node;scr
ipt=latn;language=dflt;+tlig;!
Missing character: There is no ر (U+0631) in font TeXGyrePagella:mode=node;scr
ipt=latn;language=dflt;+tlig;!
]
Overfull \hbox (5.42062pt too wide) in paragraph at lines 32--33
[]\TU/TeXGyrePagella(0)/m/n/12 Be-yond these three, sev-eral spe-cialised \TU/T
eXGyrePagella(0)/b/n/12 per-for-mance po-etry forms \TU/TeXGyrePagella(0)/m/n/1
2 ([]\TU/Amiri(0)/m/n/12 أشكال الشعر الأدائي[][]\TU/TeXGyrePag
ella(0)/m/n/12 )


Package fancyhdr Warning: \headheight is too small (14.0pt): 
(fancyhdr)                Make it at least 24.01996pt, for example:
(fancyhdr)                \setlength{\headheight}{24.01996pt}.
(fancyhdr)                You might also make \topmargin smaller to compensate:

(fancyhdr)                \addtolength{\topmargin}{-10.01996pt}.


warning  (pdf backend): ignoring duplicate destination with the name 'page.2'
[2
Missing character: There is no ب (U+0628) in font TeXGyrePagella:mode=node;scr
ipt=latn;language=dflt;+tlig;!
Missing character: There is no ح (U+062D) in font TeXGyrePagella:mode=node;scr
ipt=latn;language=dflt;+tlig;!
Missing character: There is no و (U+0648) in font TeXGyrePagella:mode=node;scr
ipt=latn;language=dflt;+tlig;!
Missing character: There is no ر (U+0631) in font TeXGyrePagella:mode=node;scr
ipt=latn;language=dflt;+tlig;!
Missing character: There is no ن (U+0646) in font TeXGyrePagella:mode=node;scr
ipt=latn;language=dflt;+tlig;!
Missing character: There is no ب (U+0628) in font TeXGyrePagella:mode=node;scr
ipt=latn;language=dflt;+tlig;!
Missing character: There is no ط (U+0637) in font TeXGyrePagella:mode=node;scr
ipt=latn;language=dflt;+tlig;!
Missing character: There is no ي (U+064A) in font TeXGyrePagella:mode=node;scr
ipt=latn;language=dflt;+tlig;!
Missing character: There is no ة (U+0629) in font TeXGyrePagella:mode=node;scr
ipt=latn;language=dflt;+tlig;!
] (/usr/share/texlive/texmf-dist/tex/latex/amsfonts/umsa.fd)
(/usr/share/texlive/texmf-dist/tex/latex/amsfonts/umsb.fd)
Underfull \hbox (badness 10000) in paragraph at lines 76--76
[]|\TU/TeXGyrePagella(0)/b/n/12 Dom-

Underfull \hbox (badness 10000) in paragraph at lines 76--76
\TU/TeXGyrePagella(0)/b/n/12 i-nant

Overfull \hbox (11.94241pt too wide) in paragraph at lines 76--76
\TU/TeXGyrePagella(0)/b/n/12 Form(s)| 

Overfull \hbox (4.6584pt too wide) in paragraph at lines 76--76
[]|\TU/TeXGyrePagella(0)/m/n/12 Nabati,

Overfull \hbox (23.4144pt too wide) in paragraph at lines 76--76
[]|\TU/TeXGyrePagella(0)/m/n/12 Muhawara

Underfull \hbox (badness 10000) in paragraph at lines 76--76
\TU/TeXGyrePagella(0)/m/n/12 /

Overfull \hbox (4.6584pt too wide) in paragraph at lines 76--76
[]|\TU/TeXGyrePagella(0)/m/n/12 Nabati,

Overfull \hbox (23.4144pt too wide) in paragraph at lines 76--76
\TU/TeXGyrePagella(0)/m/n/12 Muhawara| 

Underfull \hbox (badness 10000) in paragraph at lines 76--76
[]|\TU/TeXGyrePagella(0)/m/n/12 Al-

Underfull \hbox (badness 10000) in paragraph at lines 76--76
\TU/TeXGyrePagella(0)/m/n/12 al-

Overfull \hbox (19.39438pt too wide) in paragraph at lines 76--76
\TU/TeXGyrePagella(0)/m/n/12 Janubiyya| 

Underfull \hbox (badness 10000) in paragraph at lines 76--76
[]|\TU/TeXGyrePagella(0)/m/n/12 Za-jal

Overfull \hbox (20.8104pt too wide) in paragraph at lines 76--76
\TU/TeXGyrePagella(0)/m/n/12 (Lebanese

Underfull \hbox (badness 10000) in paragraph at lines 76--76
[]|\TU/TeXGyrePagella(0)/m/n/12 Za-jal

Overfull \hbox (3.4104pt too wide) in paragraph at lines 76--76
\TU/TeXGyrePagella(0)/m/n/12 (Egyp-

Underfull \hbox (badness 10000) in paragraph at lines 76--76
\TU/TeXGyrePagella(0)/m/n/12 tian

Overfull \hbox (11.37839pt too wide) in paragraph at lines 76--76
\TU/TeXGyrePagella(0)/m/n/12 mawwal| 

Underfull \hbox (badness 10000) in paragraph at lines 76--76
[]|\TU/TeXGyrePagella(0)/m/n/12 Hu-

Underfull \hbox (badness 10000) in paragraph at lines 76--76
\TU/TeXGyrePagella(0)/m/n/12 maini

Underfull \hbox (badness 10000) in paragraph at lines 76--76
\TU/TeXGyrePagella(0)/m/n/12 po-

Underfull \hbox (badness 10000) in paragraph at lines 76--76
\TU/TeXGyrePagella(0)/m/n/12 etry,

Overfull \hbox (1.6584pt too wide) in paragraph at lines 76--76
\TU/TeXGyrePagella(0)/m/n/12 Nabati

Underfull \hbox (badness 10000) in paragraph at lines 76--76
\TU/TeXGyrePagella(0)/m/n/12 vari-

Underfull \hbox (badness 10000) in paragraph at lines 76--76
[]|\TU/TeXGyrePagella(0)/m/n/12 Za-jal

Overfull \hbox (23.1024pt too wide) in paragraph at lines 76--76
\TU/TeXGyrePagella(0)/m/n/12 (Maghrebi

Underfull \hbox (badness 10000) in paragraph at lines 76--76
\TU/TeXGyrePagella(0)/m/n/12 mal-

Underfull \vbox (badness 10000) has occurred while \output is active

Package fancyhdr Warning: \headheight is too small (14.0pt): 
(fancyhdr)                Make it at least 24.01996pt, for example:
(fancyhdr)                \setlength{\headheight}{24.01996pt}.
(fancyhdr)                You might also make \topmargin smaller to compensate:

(fancyhdr)                \addtolength{\topmargin}{-10.01996pt}.

[3]

Package fancyhdr Warning: \headheight is too small (14.0pt): 
(fancyhdr)                Make it at least 24.01996pt, for example:
(fancyhdr)                \setlength{\headheight}{24.01996pt}.
(fancyhdr)                You might also make \topmargin smaller to compensate:

(fancyhdr)                \addtolength{\topmargin}{-10.01996pt}.

[4]

LaTeX Warning: Reference `ch:classical' on page 5 undefined on input line 88.



LaTeX Warning: Reference `ch:nabati' on page 5 undefined on input line 91.



LaTeX Warning: Reference `ch:performance' on page 5 undefined on input line 94.




LaTeX Warning: Reference `ch:modern' on page 5 undefined on input line 97.


Overfull \hbox (4.96513pt too wide) in paragraph at lines 98--99
\TU/TeXGyrePagella(0)/m/n/12 eval-u-a-tion cri-te-ria; the re-la-tion-ship be-t
ween mod-ern and tra-di-tional forms. 


Package fancyhdr Warning: \headheight is too small (14.0pt): 
(fancyhdr)                Make it at least 24.01996pt, for example:
(fancyhdr)                \setlength{\headheight}{24.01996pt}.
(fancyhdr)                You might also make \topmargin smaller to compensate:

(fancyhdr)                \addtolength{\topmargin}{-10.01996pt}.

[5
Missing character: There is no م (U+0645) in font TeXGyrePagella:mode=node;scr
ipt=latn;language=dflt;+tlig;!
Missing character: There is no ع (U+0639) in font TeXGyrePagella:mode=node;scr
ipt=latn;language=dflt;+tlig;!
Missing character: There is no ا (U+0627) in font TeXGyrePagella:mode=node;scr
ipt=latn;language=dflt;+tlig;!
Missing character: There is no ر (U+0631) in font TeXGyrePagella:mode=node;scr
ipt=latn;language=dflt;+tlig;!
Missing character: There is no ض (U+0636) in font TeXGyrePagella:mode=node;scr
ipt=latn;language=dflt;+tlig;!
Missing character: There is no ة (U+0629) in font TeXGyrePagella:mode=node;scr
ipt=latn;language=dflt;+tlig;!
Missing character: There is no ، (U+060C) in font TeXGyrePagella:mode=node;scr
ipt=latn;language=dflt;+tlig;!
Missing character: There is no م (U+0645) in font TeXGyrePagella:mode=node;scr
ipt=latn;language=dflt;+tlig;!
Missing character: There is no س (U+0633) in font TeXGyrePagella:mode=node;scr
ipt=latn;language=dflt;+tlig;!
Missing character: There is no ا (U+0627) in font TeXGyrePagella:mode=node;scr
ipt=latn;language=dflt;+tlig;!
Missing character: There is no ج (U+062C) in font TeXGyrePagella:mode=node;scr
ipt=latn;language=dflt;+tlig;!
Missing character: There is no ل (U+0644) in font TeXGyrePagella:mode=node;scr
ipt=latn;language=dflt;+tlig;!
Missing character: There is no ة (U+0629) in font TeXGyrePagella:mode=node;scr
ipt=latn;language=dflt;+tlig;!
Missing character: There is no ، (U+060C) in font TeXGyrePagella:mode=node;scr
ipt=latn;language=dflt;+tlig;!
Missing character: There is no ت (U+062A) in font TeXGyrePagella:mode=node;scr
ipt=latn;language=dflt;+tlig;!
Missing character: There is no ض (U+0636) in font TeXGyrePagella:mode=node;scr
ipt=latn;language=dflt;+tlig;!
Missing character: There is no م (U+0645) in font TeXGyrePagella:mode=node;scr
ipt=latn;language=dflt;+tlig;!
Missing character: There is no ي (U+064A) in font TeXGyrePagella:mode=node;scr
ipt=latn;language=dflt;+tlig;!
Missing character: There is no ن (U+0646) in font TeXGyrePagella:mode=node;scr
ipt=latn;language=dflt;+tlig;!
Missing character: There is no ، (U+060C) in font TeXGyrePagella:mode=node;scr
ipt=latn;language=dflt;+tlig;!
Missing character: There is no ت (U+062A) in font TeXGyrePagella:mode=node;scr
ipt=latn;language=dflt;+tlig;!
Missing character: There is no ش (U+0634) in font TeXGyrePagella:mode=node;scr
ipt=latn;language=dflt;+tlig;!
Missing character: There is no ط (U+0637) in font TeXGyrePagella:mode=node;scr
ipt=latn;language=dflt;+tlig;!
Missing character: There is no ي (U+064A) in font TeXGyrePagella:mode=node;scr
ipt=latn;language=dflt;+tlig;!
Missing character: There is no ر (U+0631) in font TeXGyrePagella:mode=node;scr
ipt=latn;language=dflt;+tlig;!
Missing character: There is no ، (U+060C) in font TeXGyrePagella:mode=node;scr
ipt=latn;language=dflt;+tlig;!
Missing character: There is no ت (U+062A) in font TeXGyrePagella:mode=node;scr
ipt=latn;language=dflt;+tlig;!
Missing character: There is no خ (U+062E) in font TeXGyrePagella:mode=node;scr
ipt=latn;language=dflt;+tlig;!
Missing character: There is no م (U+0645) in font TeXGyrePagella:mode=node;scr
ipt=latn;language=dflt;+tlig;!
Missing character: There is no ي (U+064A) in font TeXGyrePagella:mode=node;scr
ipt=latn;language=dflt;+tlig;!
Missing character: There is no س (U+0633) in font TeXGyrePagella:mode=node;scr
ipt=latn;language=dflt;+tlig;!
Missing character: There is no ، (U+060C) in font TeXGyrePagella:mode=node;scr
ipt=latn;language=dflt;+tlig;!
Missing character: There is no إ (U+0625) in font TeXGyrePagella:mode=node;scr
ipt=latn;language=dflt;+tlig;!
Missing character: There is no ك (U+0643) in font TeXGyrePagella:mode=node;scr
ipt=latn;language=dflt;+tlig;!
Missing character: There is no م (U+0645) in font TeXGyrePagella:mode=node;scr
ipt=latn;language=dflt;+tlig;!
Missing character: There is no ا (U+0627) in font TeXGyrePagella:mode=node;scr
ipt=latn;language=dflt;+tlig;!
Missing character: There is no ل (U+0644) in font TeXGyrePagella:mode=node;scr
ipt=latn;language=dflt;+tlig;!
Missing character: There is no ، (U+060C) in font TeXGyrePagella:mode=node;scr
ipt=latn;language=dflt;+tlig;!
Missing character: There is no ت (U+062A) in font TeXGyrePagella:mode=node;scr
ipt=latn;language=dflt;+tlig;!
Missing character: There is no ص (U+0635) in font TeXGyrePagella:mode=node;scr
ipt=latn;language=dflt;+tlig;!
Missing character: There is no و (U+0648) in font TeXGyrePagella:mode=node;scr
ipt=latn;language=dflt;+tlig;!
Missing character: There is no ي (U+064A) in font TeXGyrePagella:mode=node;scr
ipt=latn;language=dflt;+tlig;!
Missing character: There is no ر (U+0631) in font TeXGyrePagella:mode=node;scr
ipt=latn;language=dflt;+tlig;!
Missing character: There is no أ (U+0623) in font TeXGyrePagella:mode=node;scr
ipt=latn;language=dflt;+tlig;!
Missing character: There is no غ (U+063A) in font TeXGyrePagella:mode=node;scr
ipt=latn;language=dflt;+tlig;!
Missing character: There is no ر (U+0631) in font TeXGyrePagella:mode=node;scr
ipt=latn;language=dflt;+tlig;!
Missing character: There is no ا (U+0627) in font TeXGyrePagella:mode=node;scr
ipt=latn;language=dflt;+tlig;!
Missing character: There is no ض (U+0636) in font TeXGyrePagella:mode=node;scr
ipt=latn;language=dflt;+tlig;!
]

Package fancyhdr Warning: \headheight is too small (14.0pt): 
(fancyhdr)                Make it at least 24.01996pt, for example:
(fancyhdr)                \setlength{\headheight}{24.01996pt}.
(fancyhdr)                You might also make \topmargin smaller to compensate:

(fancyhdr)                \addtolength{\topmargin}{-10.01996pt}.

[6])

Package fancyhdr Warning: \headheight is too small (14.0pt): 
(fancyhdr)                Make it at least 24.01996pt, for example:
(fancyhdr)                \setlength{\headheight}{24.01996pt}.
(fancyhdr)                You might also make \topmargin smaller to compensate:

(fancyhdr)                \addtolength{\topmargin}{-10.01996pt}.

[7] (./chapters/ch02_classical_poetry.tex
Chapter 2.


Package hyperref Warning: Token not allowed in a PDF string (Unicode):
(hyperref)                removing `\Arabic' on input line 10.


Overfull \hbox (3.95145pt too wide) in paragraph at lines 37--38
\TU/TeXGyrePagella(0)/b/n/12 Bi-nary no-ta-tion con-ven-tion: \TU/TeXGyrePagell
a(0)/m/n/12 Through-out this doc-u-ment, \TU/TeXGyrePagella(0)/b/n/12 1 \TU/TeX
GyrePagella(0)/m/n/12 de-notes a mov-ing ([]\TU/Amiri(0)/m/n/12 متحرك[][]\
TU/TeXGyrePagella(0)/m/n/12 )
 [8]
Overfull \hbox (10.89294pt too wide) in paragraph at lines 62--62
[]|\TU/TeXGyrePagella(0)/b/n/12 Com-

Underfull \hbox (badness 10000) in paragraph at lines 62--62
\TU/TeXGyrePagella(0)/b/n/12 po-

Overfull \hbox (10.88095pt too wide) in paragraph at lines 62--62
\TU/TeXGyrePagella(0)/b/n/12 nents| 

Overfull \hbox (15.23695pt too wide) in paragraph at lines 62--62
[]|\TU/TeXGyrePagella(0)/m/n/12 Watad

Overfull \hbox (1.48494pt too wide) in paragraph at lines 62--62
\TU/TeXGyrePagella(0)/m/n/12 ma-

Overfull \hbox (4.62892pt too wide) in paragraph at lines 62--62
\TU/TeXGyrePagella(0)/m/n/12 jmu’

Underfull \hbox (badness 10000) in paragraph at lines 62--62
\TU/TeXGyrePagella(0)/m/n/12 +

Overfull \hbox (11.25294pt too wide) in paragraph at lines 62--62
\TU/TeXGyrePagella(0)/m/n/12 sabab

Overfull \hbox (11.80493pt too wide) in paragraph at lines 62--62
\TU/TeXGyrePagella(0)/m/n/12 khafif| 

Overfull \hbox (15.23695pt too wide) in paragraph at lines 62--62
[]|\TU/TeXGyrePagella(0)/m/n/12 Watad

Overfull \hbox (1.48494pt too wide) in paragraph at lines 62--62
\TU/TeXGyrePagella(0)/m/n/12 ma-

Overfull \hbox (4.62892pt too wide) in paragraph at lines 62--62
\TU/TeXGyrePagella(0)/m/n/12 jmu’

Underfull \hbox (badness 10000) in paragraph at lines 62--62
\TU/TeXGyrePagella(0)/m/n/12 +

Overfull \hbox (11.25294pt too wide) in paragraph at lines 62--62
\TU/TeXGyrePagella(0)/m/n/12 sabab

Overfull \hbox (11.62494pt too wide) in paragraph at lines 62--62
\TU/TeXGyrePagella(0)/m/n/12 thaqil

Underfull \hbox (badness 10000) in paragraph at lines 62--62
\TU/TeXGyrePagella(0)/m/n/12 +

Overfull \hbox (11.25294pt too wide) in paragraph at lines 62--62
\TU/TeXGyrePagella(0)/m/n/12 sabab

Overfull \hbox (11.80493pt too wide) in paragraph at lines 62--62
\TU/TeXGyrePagella(0)/m/n/12 khafif| 

Overfull \hbox (15.23695pt too wide) in paragraph at lines 62--62
[]|\TU/TeXGyrePagella(0)/m/n/12 Watad

Overfull \hbox (1.48494pt too wide) in paragraph at lines 62--62
\TU/TeXGyrePagella(0)/m/n/12 ma-

Overfull \hbox (4.62892pt too wide) in paragraph at lines 62--62
\TU/TeXGyrePagella(0)/m/n/12 jmu’

Underfull \hbox (badness 10000) in paragraph at lines 62--62
\TU/TeXGyrePagella(0)/m/n/12 +

Overfull \hbox (8.79295pt too wide) in paragraph at lines 62--62
\TU/TeXGyrePagella(0)/m/n/12 fasila

Overfull \hbox (17.43294pt too wide) in paragraph at lines 62--62
\TU/TeXGyrePagella(0)/m/n/12 sughra

Underfull \hbox (badness 10000) in paragraph at lines 62--62
\TU/TeXGyrePagella(0)/m/n/12 +

Overfull \hbox (12.46495pt too wide) in paragraph at lines 62--62
[]|\TU/TeXGyrePagella(0)/m/n/12 Sabab

Overfull \hbox (11.80493pt too wide) in paragraph at lines 62--62
\TU/TeXGyrePagella(0)/m/n/12 khafif

Underfull \hbox (badness 10000) in paragraph at lines 62--62
\TU/TeXGyrePagella(0)/m/n/12 +

Overfull \hbox (13.78494pt too wide) in paragraph at lines 62--62
\TU/TeXGyrePagella(0)/m/n/12 watad

Overfull \hbox (1.48494pt too wide) in paragraph at lines 62--62
\TU/TeXGyrePagella(0)/m/n/12 ma-

Overfull \hbox (4.62892pt too wide) in paragraph at lines 62--62
\TU/TeXGyrePagella(0)/m/n/12 jmu’| 

Overfull \hbox (12.46495pt too wide) in paragraph at lines 62--62
[]|\TU/TeXGyrePagella(0)/m/n/12 Sabab

Overfull \hbox (11.80493pt too wide) in paragraph at lines 62--62
\TU/TeXGyrePagella(0)/m/n/12 khafif

Underfull \hbox (badness 10000) in paragraph at lines 62--62
\TU/TeXGyrePagella(0)/m/n/12 +

Overfull \hbox (13.78494pt too wide) in paragraph at lines 62--62
\TU/TeXGyrePagella(0)/m/n/12 watad

Overfull \hbox (1.48494pt too wide) in paragraph at lines 62--62
\TU/TeXGyrePagella(0)/m/n/12 ma-

Overfull \hbox (4.62892pt too wide) in paragraph at lines 62--62
\TU/TeXGyrePagella(0)/m/n/12 jmu’

Underfull \hbox (badness 10000) in paragraph at lines 62--62
\TU/TeXGyrePagella(0)/m/n/12 +

Overfull \hbox (11.25294pt too wide) in paragraph at lines 62--62
\TU/TeXGyrePagella(0)/m/n/12 sabab

Overfull \hbox (11.80493pt too wide) in paragraph at lines 62--62
\TU/TeXGyrePagella(0)/m/n/12 khafif| 

Overfull \hbox (12.46495pt too wide) in paragraph at lines 62--62
[]|\TU/TeXGyrePagella(0)/m/n/12 Sabab

Overfull \hbox (11.80493pt too wide) in paragraph at lines 62--62
\TU/TeXGyrePagella(0)/m/n/12 khafif

Underfull \hbox (badness 10000) in paragraph at lines 62--62
\TU/TeXGyrePagella(0)/m/n/12 +

Overfull \hbox (11.25294pt too wide) in paragraph at lines 62--62
\TU/TeXGyrePagella(0)/m/n/12 sabab

Overfull \hbox (11.80493pt too wide) in paragraph at lines 62--62
\TU/TeXGyrePagella(0)/m/n/12 khafif

Underfull \hbox (badness 10000) in paragraph at lines 62--62
\TU/TeXGyrePagella(0)/m/n/12 +

Overfull \hbox (13.78494pt too wide) in paragraph at lines 62--62
\TU/TeXGyrePagella(0)/m/n/12 watad

Overfull \hbox (1.48494pt too wide) in paragraph at lines 62--62
\TU/TeXGyrePagella(0)/m/n/12 ma-

Overfull \hbox (4.62892pt too wide) in paragraph at lines 62--62
\TU/TeXGyrePagella(0)/m/n/12 jmu’| 

Overfull \hbox (11.10895pt too wide) in paragraph at lines 62--62
[]|\TU/TeXGyrePagella(0)/m/n/12 Fasila

Overfull \hbox (17.43294pt too wide) in paragraph at lines 62--62
\TU/TeXGyrePagella(0)/m/n/12 sughra

Underfull \hbox (badness 10000) in paragraph at lines 62--62
\TU/TeXGyrePagella(0)/m/n/12 +

Overfull \hbox (13.78494pt too wide) in paragraph at lines 62--62
\TU/TeXGyrePagella(0)/m/n/12 watad

Overfull \hbox (1.48494pt too wide) in paragraph at lines 62--62
\TU/TeXGyrePagella(0)/m/n/12 ma-

Overfull \hbox (4.62892pt too wide) in paragraph at lines 62--62
\TU/TeXGyrePagella(0)/m/n/12 jmu’| 

Overfull \hbox (15.23695pt too wide) in paragraph at lines 62--62
[]|\TU/TeXGyrePagella(0)/m/n/12 Watad

Overfull \hbox (20.30093pt too wide) in paragraph at lines 62--62
\TU/TeXGyrePagella(0)/m/n/12 mafruq

Underfull \hbox (badness 10000) in paragraph at lines 62--62
\TU/TeXGyrePagella(0)/m/n/12 +

Overfull \hbox (11.25294pt too wide) in paragraph at lines 62--62
\TU/TeXGyrePagella(0)/m/n/12 sabab

Overfull \hbox (11.80493pt too wide) in paragraph at lines 62--62
\TU/TeXGyrePagella(0)/m/n/12 khafif| 

Underfull \vbox (badness 10000) has occurred while \output is active

Package fancyhdr Warning: \headheight is too small (14.0pt): 
(fancyhdr)                Make it at least 24.10802pt, for example:
(fancyhdr)                \setlength{\headheight}{24.10802pt}.
(fancyhdr)                You might also make \topmargin smaller to compensate:

(fancyhdr)                \addtolength{\topmargin}{-10.10802pt}.

[9]
Overfull \vbox (298.35902pt too high) has occurred while \output is active

Package fancyhdr Warning: \headheight is too small (14.0pt): 
(fancyhdr)                Make it at least 24.01996pt, for example:
(fancyhdr)                \setlength{\headheight}{24.01996pt}.
(fancyhdr)                You might also make \topmargin smaller to compensate:

(fancyhdr)                \addtolength{\topmargin}{-10.01996pt}.

[10]
Overfull \hbox (7.55902pt too wide) in paragraph at lines 68--69
\TU/TeXGyrePagella(0)/m/n/12 Al-Khalil or-gan-ised the me-ters into five ab-str
act \TU/TeXGyrePagella(0)/b/n/12 prosodic cir-cles \TU/TeXGyrePagella(0)/m/n/12
 ([]\TU/Amiri(0)/m/n/12 الدوائر العروضية الخمس[][]\TU/TeXGy
rePagella(0)/m/n/12 ).

Underfull \hbox (badness 10000) in paragraph at lines 85--85
\TU/TeXGyrePagella(0)/m/n/12 Mud-hare, Muq-tad-heb,


Package hyperref Warning: Token not allowed in a PDF string (Unicode):
(hyperref)                removing `\Arabic' on input line 95.


Underfull \vbox (badness 10000) has occurred while \output is active

Package fancyhdr Warning: \headheight is too small (14.0pt): 
(fancyhdr)                Make it at least 24.01996pt, for example:
(fancyhdr)                \setlength{\headheight}{24.01996pt}.
(fancyhdr)                You might also make \topmargin smaller to compensate:

(fancyhdr)                \addtolength{\topmargin}{-10.01996pt}.

[11]

LaTeX Warning: Reference `mdf@pagelabel-1' on page 12 undefined on input line 1
20.



Package hyperref Warning: Token not allowed in a PDF string (Unicode):
(hyperref)                removing `\Arabic' on input line 123.


Underfull \vbox (badness 10000) has occurred while \output is active

Package fancyhdr Warning: \headheight is too small (14.0pt): 
(fancyhdr)                Make it at least 24.01996pt, for example:
(fancyhdr)                \setlength{\headheight}{24.01996pt}.
(fancyhdr)                You might also make \topmargin smaller to compensate:

(fancyhdr)                \addtolength{\topmargin}{-10.01996pt}.

[12
Missing character: There is no ع (U+0639) in font TeXGyrePagella/B:mode=node;s
cript=latn;language=dflt;+tlig;!
Missing character: There is no ر (U+0631) in font TeXGyrePagella/B:mode=node;s
cript=latn;language=dflt;+tlig;!
Missing character: There is no و (U+0648) in font TeXGyrePagella/B:mode=node;s
cript=latn;language=dflt;+tlig;!
Missing character: There is no ض (U+0636) in font TeXGyrePagella/B:mode=node;s
cript=latn;language=dflt;+tlig;!
Missing character: There is no ض (U+0636) in font TeXGyrePagella/B:mode=node;s
cript=latn;language=dflt;+tlig;!
Missing character: There is no ر (U+0631) in font TeXGyrePagella/B:mode=node;s
cript=latn;language=dflt;+tlig;!
Missing character: There is no ب (U+0628) in font TeXGyrePagella/B:mode=node;s
cript=latn;language=dflt;+tlig;!
]

LaTeX Warning: Reference `mdf@pagelabel-2' on page 13 undefined on input line 1
48.



Package hyperref Warning: Token not allowed in a PDF string (Unicode):
(hyperref)                removing `\Arabic' on input line 151.


Underfull \vbox (badness 10000) has occurred while \output is active

Package fancyhdr Warning: \headheight is too small (14.0pt): 
(fancyhdr)                Make it at least 24.01996pt, for example:
(fancyhdr)                \setlength{\headheight}{24.01996pt}.
(fancyhdr)                You might also make \topmargin smaller to compensate:

(fancyhdr)                \addtolength{\topmargin}{-10.01996pt}.

[13]

LaTeX Warning: Reference `mdf@pagelabel-3' on page 14 undefined on input line 1
76.



Package hyperref Warning: Token not allowed in a PDF string (Unicode):
(hyperref)                removing `\Arabic' on input line 179.


Underfull \vbox (badness 10000) has occurred while \output is active

Package fancyhdr Warning: \headheight is too small (14.0pt): 
(fancyhdr)                Make it at least 24.01996pt, for example:
(fancyhdr)                \setlength{\headheight}{24.01996pt}.
(fancyhdr)                You might also make \topmargin smaller to compensate:

(fancyhdr)                \addtolength{\topmargin}{-10.01996pt}.

[14
Missing character: There is no إ (U+0625) in font TeXGyrePagella:mode=node;scr
ipt=latn;language=dflt;+tlig;!
Missing character: There is no ض (U+0636) in font TeXGyrePagella:mode=node;scr
ipt=latn;language=dflt;+tlig;!
Missing character: There is no م (U+0645) in font TeXGyrePagella:mode=node;scr
ipt=latn;language=dflt;+tlig;!
Missing character: There is no ا (U+0627) in font TeXGyrePagella:mode=node;scr
ipt=latn;language=dflt;+tlig;!
Missing character: There is no ر (U+0631) in font TeXGyrePagella:mode=node;scr
ipt=latn;language=dflt;+tlig;!
Missing character: There is no و (U+0648) in font TeXGyrePagella:mode=node;scr
ipt=latn;language=dflt;+tlig;!
Missing character: There is no ق (U+0642) in font TeXGyrePagella:mode=node;scr
ipt=latn;language=dflt;+tlig;!
Missing character: There is no ص (U+0635) in font TeXGyrePagella:mode=node;scr
ipt=latn;language=dflt;+tlig;!
]

Package hyperref Warning: Token not allowed in a PDF string (Unicode):
(hyperref)                removing `\Arabic' on input line 201.


Underfull \vbox (badness 10000) has occurred while \output is active

Package fancyhdr Warning: \headheight is too small (14.0pt): 
(fancyhdr)                Make it at least 24.01996pt, for example:
(fancyhdr)                \setlength{\headheight}{24.01996pt}.
(fancyhdr)                You might also make \topmargin smaller to compensate:

(fancyhdr)                \addtolength{\topmargin}{-10.01996pt}.

[15]

Package hyperref Warning: Token not allowed in a PDF string (Unicode):
(hyperref)                removing `\Arabic' on input line 223.



Package hyperref Warning: Token not allowed in a PDF string (Unicode):
(hyperref)                removing `\Arabic' on input line 245.



Package fancyhdr Warning: \headheight is too small (14.0pt): 
(fancyhdr)                Make it at least 24.01996pt, for example:
(fancyhdr)                \setlength{\headheight}{24.01996pt}.
(fancyhdr)                You might also make \topmargin smaller to compensate:

(fancyhdr)                \addtolength{\topmargin}{-10.01996pt}.

[16
Missing character: There is no خ (U+062E) in font TeXGyrePagella:mode=node;scr
ipt=latn;language=dflt;+tlig;!
Missing character: There is no ب (U+0628) in font TeXGyrePagella:mode=node;scr
ipt=latn;language=dflt;+tlig;!
Missing character: There is no ن (U+0646) in font TeXGyrePagella:mode=node;scr
ipt=latn;language=dflt;+tlig;!
Missing character: There is no ط (U+0637) in font TeXGyrePagella:mode=node;scr
ipt=latn;language=dflt;+tlig;!
Missing character: There is no ي (U+064A) in font TeXGyrePagella:mode=node;scr
ipt=latn;language=dflt;+tlig;!
]

Package hyperref Warning: Token not allowed in a PDF string (Unicode):
(hyperref)                removing `\Arabic' on input line 267.



Package hyperref Warning: Token not allowed in a PDF string (Unicode):
(hyperref)                removing `\Arabic' on input line 289.



Package fancyhdr Warning: \headheight is too small (14.0pt): 
(fancyhdr)                Make it at least 24.01996pt, for example:
(fancyhdr)                \setlength{\headheight}{24.01996pt}.
(fancyhdr)                You might also make \topmargin smaller to compensate:

(fancyhdr)                \addtolength{\topmargin}{-10.01996pt}.

[17]

Package hyperref Warning: Token not allowed in a PDF string (Unicode):
(hyperref)                removing `\Arabic' on input line 310.


Underfull \vbox (badness 10000) has occurred while \output is active

Package fancyhdr Warning: \headheight is too small (14.0pt): 
(fancyhdr)                Make it at least 24.01996pt, for example:
(fancyhdr)                \setlength{\headheight}{24.01996pt}.
(fancyhdr)                You might also make \topmargin smaller to compensate:

(fancyhdr)                \addtolength{\topmargin}{-10.01996pt}.

[18
Missing character: There is no خ (U+062E) in font TeXGyrePagella:mode=node;scr
ipt=latn;language=dflt;+tlig;!
Missing character: There is no ب (U+0628) in font TeXGyrePagella:mode=node;scr
ipt=latn;language=dflt;+tlig;!
Missing character: There is no ن (U+0646) in font TeXGyrePagella:mode=node;scr
ipt=latn;language=dflt;+tlig;!
Missing character: There is no ط (U+0637) in font TeXGyrePagella:mode=node;scr
ipt=latn;language=dflt;+tlig;!
Missing character: There is no ي (U+064A) in font TeXGyrePagella:mode=node;scr
ipt=latn;language=dflt;+tlig;!
]

LaTeX Warning: Reference `mdf@pagelabel-4' on page 19 undefined on input line 3
35.



Package hyperref Warning: Token not allowed in a PDF string (Unicode):
(hyperref)                removing `\Arabic' on input line 338.


Underfull \vbox (badness 10000) has occurred while \output is active

Package fancyhdr Warning: \headheight is too small (14.0pt): 
(fancyhdr)                Make it at least 24.01996pt, for example:
(fancyhdr)                \setlength{\headheight}{24.01996pt}.
(fancyhdr)                You might also make \topmargin smaller to compensate:

(fancyhdr)                \addtolength{\topmargin}{-10.01996pt}.

[19]

LaTeX Warning: Reference `app:meters_reference' on page 20 undefined on input l
ine 357.



Package hyperref Warning: Token not allowed in a PDF string (Unicode):
(hyperref)                removing `\Arabic' on input line 360.


Underfull \hbox (badness 2582) in paragraph at lines 383--383
[]|\TU/TeXGyrePagella(0)/m/n/12 The main rhyme con-so-nant; de-fines the

Underfull \vbox (badness 10000) has occurred while \output is active

Package fancyhdr Warning: \headheight is too small (14.0pt): 
(fancyhdr)                Make it at least 24.01996pt, for example:
(fancyhdr)                \setlength{\headheight}{24.01996pt}.
(fancyhdr)                You might also make \topmargin smaller to compensate:

(fancyhdr)                \addtolength{\topmargin}{-10.01996pt}.

[20]

Package hyperref Warning: Token not allowed in a PDF string (Unicode):
(hyperref)                removing `\Arabic' on input line 386.



Package hyperref Warning: Token not allowed in a PDF string (Unicode):
(hyperref)                removing `\Arabic' on input line 396.


Underfull \vbox (badness 10000) has occurred while \output is active

Package fancyhdr Warning: \headheight is too small (14.0pt): 
(fancyhdr)                Make it at least 24.01996pt, for example:
(fancyhdr)                \setlength{\headheight}{24.01996pt}.
(fancyhdr)                You might also make \topmargin smaller to compensate:

(fancyhdr)                \addtolength{\topmargin}{-10.01996pt}.

[21]
Underfull \hbox (badness 10000) in paragraph at lines 434--434
[]|\TU/TeXGyrePagella(0)/m/n/12 One vowel be-

Underfull \hbox (badness 10000) in paragraph at lines 434--434
\TU/TeXGyrePagella(0)/m/n/12 tween last two

Underfull \hbox (badness 2903) in paragraph at lines 434--434
[]|\TU/TeXGyrePagella(0)/m/n/12 Two vow-els be-

Underfull \hbox (badness 10000) in paragraph at lines 434--434
\TU/TeXGyrePagella(0)/m/n/12 tween last two

Underfull \hbox (badness 10000) in paragraph at lines 434--434
[]|\TU/TeXGyrePagella(0)/m/n/12 Three vow-els

Underfull \hbox (badness 10000) in paragraph at lines 434--434
[]|\TU/TeXGyrePagella(0)/m/n/12 Four vow-els

Underfull \hbox (badness 1112) in paragraph at lines 434--434
[]|\TU/TeXGyrePagella(0)/m/n/12 Two con-sec-u-tive


Package hyperref Warning: Token not allowed in a PDF string (Unicode):
(hyperref)                removing `\Arabic' on input line 438.



Package fancyhdr Warning: \headheight is too small (14.0pt): 
(fancyhdr)                Make it at least 24.01996pt, for example:
(fancyhdr)                \setlength{\headheight}{24.01996pt}.
(fancyhdr)                You might also make \topmargin smaller to compensate:

(fancyhdr)                \addtolength{\topmargin}{-10.01996pt}.

[22]

Package hyperref Warning: Token not allowed in a PDF string (Unicode):
(hyperref)                removing `\Arabic' on input line 464.



Package hyperref Warning: Token not allowed in a PDF string (Unicode):
(hyperref)                removing `\Arabic' on input line 467.



Package fancyhdr Warning: \headheight is too small (14.0pt): 
(fancyhdr)                Make it at least 24.01996pt, for example:
(fancyhdr)                \setlength{\headheight}{24.01996pt}.
(fancyhdr)                You might also make \topmargin smaller to compensate:

(fancyhdr)                \addtolength{\topmargin}{-10.01996pt}.

[23
Missing character: There is no غ (U+063A) in font TeXGyrePagella:mode=node;scr
ipt=latn;language=dflt;+tlig;!
Missing character: There is no ر (U+0631) in font TeXGyrePagella:mode=node;scr
ipt=latn;language=dflt;+tlig;!
Missing character: There is no ض (U+0636) in font TeXGyrePagella:mode=node;scr
ipt=latn;language=dflt;+tlig;!
]

LaTeX Warning: Reference `mdf@pagelabel-5' on page 24 undefined on input line 4
83.



Package hyperref Warning: Token not allowed in a PDF string (Unicode):
(hyperref)                removing `\Arabic' on input line 493.



Package fancyhdr Warning: \headheight is too small (14.0pt): 
(fancyhdr)                Make it at least 24.01996pt, for example:
(fancyhdr)                \setlength{\headheight}{24.01996pt}.
(fancyhdr)                You might also make \topmargin smaller to compensate:

(fancyhdr)                \addtolength{\topmargin}{-10.01996pt}.

[24
Missing character: There is no غ (U+063A) in font TeXGyrePagella:mode=node;scr
ipt=latn;language=dflt;+tlig;!
Missing character: There is no ر (U+0631) in font TeXGyrePagella:mode=node;scr
ipt=latn;language=dflt;+tlig;!
Missing character: There is no ض (U+0636) in font TeXGyrePagella:mode=node;scr
ipt=latn;language=dflt;+tlig;!
]

Package hyperref Warning: Token not allowed in a PDF string (Unicode):
(hyperref)                removing `\Arabic' on input line 507.



Package hyperref Warning: Token not allowed in a PDF string (Unicode):
(hyperref)                removing `\Arabic' on input line 526.


Overfull \hbox (17.80812pt too wide) in paragraph at lines 533--534
[]\TU/TeXGyrePagella(0)/b/n/12 Fa-mous po-et-ess: al-Khansa’ \TU/TeXGyrePagel
la(0)/m/n/12 ([]\TU/Amiri(0)/m/n/12 الخنساء[][]\TU/TeXGyrePagella(0)/m/n
/12 ) — her ele-gies for her broth-ers Sakhr and Mu’awiya


Package hyperref Warning: Token not allowed in a PDF string (Unicode):
(hyperref)                removing `\Arabic' on input line 542.



Package fancyhdr Warning: \headheight is too small (14.0pt): 
(fancyhdr)                Make it at least 27.23094pt, for example:
(fancyhdr)                \setlength{\headheight}{27.23094pt}.
(fancyhdr)                You might also make \topmargin smaller to compensate:

(fancyhdr)                \addtolength{\topmargin}{-13.23094pt}.

[25]

Package hyperref Warning: Token not allowed in a PDF string (Unicode):
(hyperref)                removing `\Arabic' on input line 547.


Overfull \hbox (0.645pt too wide) in paragraph at lines 550--551
\TU/TeXGyrePagella(0)/m/n/12 Philo-soph-i-cal and moral apho-risms in verse. Br
ief, mem-o-rable, self-contained verses.

Overfull \hbox (2.0823pt too wide) in paragraph at lines 550--551
\TU/TeXGyrePagella(0)/m/n/12 Fa-mous: Zuhair ibn Abi Sulma’s []\TU/Amiri(0)/m
/n/12 معلقة[][]\TU/TeXGyrePagella(0)/m/n/12 , Imru’ al-Qays’s philo-so
ph-i-cal lines, the gnomic


Package hyperref Warning: Token not allowed in a PDF string (Unicode):
(hyperref)                removing `\Arabic' on input line 554.



Package hyperref Warning: Token not allowed in a PDF string (Unicode):
(hyperref)                removing `\Arabic' on input line 559.



Package hyperref Warning: Token not allowed in a PDF string (Unicode):
(hyperref)                removing `\Arabic' on input line 564.


Underfull \vbox (badness 1755) has occurred while \output is active

Package fancyhdr Warning: \headheight is too small (14.0pt): 
(fancyhdr)                Make it at least 24.01996pt, for example:
(fancyhdr)                \setlength{\headheight}{24.01996pt}.
(fancyhdr)                You might also make \topmargin smaller to compensate:

(fancyhdr)                \addtolength{\topmargin}{-10.01996pt}.

[26]

Package hyperref Warning: Token not allowed in a PDF string (Unicode):
(hyperref)                removing `\Arabic' on input line 589.



Package hyperref Warning: Token not allowed in a PDF string (Unicode):
(hyperref)                removing `\Arabic' on input line 594.



Package hyperref Warning: Token not allowed in a PDF string (Unicode):
(hyperref)                removing `\Arabic' on input line 611.


Underfull \vbox (badness 1931) has occurred while \output is active

Package fancyhdr Warning: \headheight is too small (14.0pt): 
(fancyhdr)                Make it at least 27.10501pt, for example:
(fancyhdr)                \setlength{\headheight}{27.10501pt}.
(fancyhdr)                You might also make \topmargin smaller to compensate:

(fancyhdr)                \addtolength{\topmargin}{-13.10501pt}.

[27
Missing character: There is no م (U+0645) in font TeXGyrePagella:mode=node;scr
ipt=latn;language=dflt;+tlig;!
Missing character: There is no ع (U+0639) in font TeXGyrePagella:mode=node;scr
ipt=latn;language=dflt;+tlig;!
Missing character: There is no ا (U+0627) in font TeXGyrePagella:mode=node;scr
ipt=latn;language=dflt;+tlig;!
Missing character: There is no ر (U+0631) in font TeXGyrePagella:mode=node;scr
ipt=latn;language=dflt;+tlig;!
Missing character: There is no ض (U+0636) in font TeXGyrePagella:mode=node;scr
ipt=latn;language=dflt;+tlig;!
Missing character: There is no ة (U+0629) in font TeXGyrePagella:mode=node;scr
ipt=latn;language=dflt;+tlig;!
Missing character: There is no م (U+0645) in font TeXGyrePagella:mode=node;scr
ipt=latn;language=dflt;+tlig;!
Missing character: There is no ع (U+0639) in font TeXGyrePagella:mode=node;scr
ipt=latn;language=dflt;+tlig;!
Missing character: There is no ا (U+0627) in font TeXGyrePagella:mode=node;scr
ipt=latn;language=dflt;+tlig;!
Missing character: There is no ر (U+0631) in font TeXGyrePagella:mode=node;scr
ipt=latn;language=dflt;+tlig;!
Missing character: There is no ض (U+0636) in font TeXGyrePagella:mode=node;scr
ipt=latn;language=dflt;+tlig;!
Missing character: There is no ة (U+0629) in font TeXGyrePagella:mode=node;scr
ipt=latn;language=dflt;+tlig;!
Missing character: There is no م (U+0645) in font TeXGyrePagella:mode=node;scr
ipt=latn;language=dflt;+tlig;!
Missing character: There is no ع (U+0639) in font TeXGyrePagella:mode=node;scr
ipt=latn;language=dflt;+tlig;!
Missing character: There is no ا (U+0627) in font TeXGyrePagella:mode=node;scr
ipt=latn;language=dflt;+tlig;!
Missing character: There is no ر (U+0631) in font TeXGyrePagella:mode=node;scr
ipt=latn;language=dflt;+tlig;!
Missing character: There is no ض (U+0636) in font TeXGyrePagella:mode=node;scr
ipt=latn;language=dflt;+tlig;!
Missing character: There is no ة (U+0629) in font TeXGyrePagella:mode=node;scr
ipt=latn;language=dflt;+tlig;!
Missing character: There is no م (U+0645) in font TeXGyrePagella:mode=node;scr
ipt=latn;language=dflt;+tlig;!
Missing character: There is no ع (U+0639) in font TeXGyrePagella:mode=node;scr
ipt=latn;language=dflt;+tlig;!
Missing character: There is no ا (U+0627) in font TeXGyrePagella:mode=node;scr
ipt=latn;language=dflt;+tlig;!
Missing character: There is no ر (U+0631) in font TeXGyrePagella:mode=node;scr
ipt=latn;language=dflt;+tlig;!
Missing character: There is no ض (U+0636) in font TeXGyrePagella:mode=node;scr
ipt=latn;language=dflt;+tlig;!
Missing character: There is no ة (U+0629) in font TeXGyrePagella:mode=node;scr
ipt=latn;language=dflt;+tlig;!
Missing character: There is no م (U+0645) in font TeXGyrePagella:mode=node;scr
ipt=latn;language=dflt;+tlig;!
Missing character: There is no ع (U+0639) in font TeXGyrePagella:mode=node;scr
ipt=latn;language=dflt;+tlig;!
Missing character: There is no ا (U+0627) in font TeXGyrePagella:mode=node;scr
ipt=latn;language=dflt;+tlig;!
Missing character: There is no ر (U+0631) in font TeXGyrePagella:mode=node;scr
ipt=latn;language=dflt;+tlig;!
Missing character: There is no ض (U+0636) in font TeXGyrePagella:mode=node;scr
ipt=latn;language=dflt;+tlig;!
Missing character: There is no ا (U+0627) in font TeXGyrePagella:mode=node;scr
ipt=latn;language=dflt;+tlig;!
Missing character: There is no ت (U+062A) in font TeXGyrePagella:mode=node;scr
ipt=latn;language=dflt;+tlig;!
]

Package hyperref Warning: Token not allowed in a PDF string (Unicode):
(hyperref)                removing `\Arabic' on input line 625.



Package hyperref Warning: Token not allowed in a PDF string (Unicode):
(hyperref)                removing `\Arabic' on input line 638.



Package fancyhdr Warning: \headheight is too small (14.0pt): 
(fancyhdr)                Make it at least 24.01996pt, for example:
(fancyhdr)                \setlength{\headheight}{24.01996pt}.
(fancyhdr)                You might also make \topmargin smaller to compensate:

(fancyhdr)                \addtolength{\topmargin}{-10.01996pt}.

[28
Missing character: There is no ت (U+062A) in font TeXGyrePagella/B:mode=node;s
cript=latn;language=dflt;+tlig;!
Missing character: There is no ش (U+0634) in font TeXGyrePagella/B:mode=node;s
cript=latn;language=dflt;+tlig;!
Missing character: There is no ط (U+0637) in font TeXGyrePagella/B:mode=node;s
cript=latn;language=dflt;+tlig;!
Missing character: There is no ي (U+064A) in font TeXGyrePagella/B:mode=node;s
cript=latn;language=dflt;+tlig;!
Missing character: There is no ر (U+0631) in font TeXGyrePagella/B:mode=node;s
cript=latn;language=dflt;+tlig;!
]

Package hyperref Warning: Token not allowed in a PDF string (Unicode):
(hyperref)                removing `\Arabic' on input line 659.



Package hyperref Warning: Token not allowed in a PDF string (Unicode):
(hyperref)                removing `\Arabic' on input line 673.


Underfull \vbox (badness 10000) has occurred while \output is active

Package fancyhdr Warning: \headheight is too small (14.0pt): 
(fancyhdr)                Make it at least 27.10501pt, for example:
(fancyhdr)                \setlength{\headheight}{27.10501pt}.
(fancyhdr)                You might also make \topmargin smaller to compensate:

(fancyhdr)                \addtolength{\topmargin}{-13.10501pt}.

[29]

Package hyperref Warning: Token not allowed in a PDF string (Unicode):
(hyperref)                removing `\Arabic' on input line 689.



Package hyperref Warning: Token not allowed in a PDF string (Unicode):
(hyperref)                removing `\Arabic' on input line 713.



Package fancyhdr Warning: \headheight is too small (14.0pt): 
(fancyhdr)                Make it at least 24.01996pt, for example:
(fancyhdr)                \setlength{\headheight}{24.01996pt}.
(fancyhdr)                You might also make \topmargin smaller to compensate:

(fancyhdr)                \addtolength{\topmargin}{-10.01996pt}.

[30
Missing character: There is no ك (U+0643) in font TeXGyrePagella:mode=node;scr
ipt=latn;language=dflt;+tlig;!
Missing character: There is no أ (U+0623) in font TeXGyrePagella:mode=node;scr
ipt=latn;language=dflt;+tlig;!
Missing character: There is no ن (U+0646) in font TeXGyrePagella:mode=node;scr
ipt=latn;language=dflt;+tlig;!
Missing character: There is no م (U+0645) in font TeXGyrePagella:mode=node;scr
ipt=latn;language=dflt;+tlig;!
Missing character: There is no ث (U+062B) in font TeXGyrePagella:mode=node;scr
ipt=latn;language=dflt;+tlig;!
Missing character: There is no ل (U+0644) in font TeXGyrePagella:mode=node;scr
ipt=latn;language=dflt;+tlig;!
]

Package fancyhdr Warning: \headheight is too small (14.0pt): 
(fancyhdr)                Make it at least 27.10501pt, for example:
(fancyhdr)                \setlength{\headheight}{27.10501pt}.
(fancyhdr)                You might also make \topmargin smaller to compensate:

(fancyhdr)                \addtolength{\topmargin}{-13.10501pt}.

[31]

Package fancyhdr Warning: \headheight is too small (14.0pt): 
(fancyhdr)                Make it at least 24.01996pt, for example:
(fancyhdr)                \setlength{\headheight}{24.01996pt}.
(fancyhdr)                You might also make \topmargin smaller to compensate:

(fancyhdr)                \addtolength{\topmargin}{-10.01996pt}.

[32]

Package fancyhdr Warning: \headheight is too small (14.0pt): 
(fancyhdr)                Make it at least 27.10501pt, for example:
(fancyhdr)                \setlength{\headheight}{27.10501pt}.
(fancyhdr)                You might also make \topmargin smaller to compensate:

(fancyhdr)                \addtolength{\topmargin}{-13.10501pt}.

[33])

Package fancyhdr Warning: \headheight is too small (14.0pt): 
(fancyhdr)                Make it at least 24.01996pt, for example:
(fancyhdr)                \setlength{\headheight}{24.01996pt}.
(fancyhdr)                You might also make \topmargin smaller to compensate:

(fancyhdr)                \addtolength{\topmargin}{-10.01996pt}.

[34] (./chapters/ch03_nabati_poetry.tex
Chapter 3.
 [35]

Package hyperref Warning: Token not allowed in a PDF string (Unicode):
(hyperref)                removing `\Arabic' on input line 33.


Underfull \hbox (badness 10000) in paragraph at lines 51--51
[]|\TU/TeXGyrePagella(0)/b/n/12 Clas-si-cal Ana-

Underfull \hbox (badness 4454) in paragraph at lines 51--51
[]|\TU/TeXGyrePagella(0)/m/n/12 Nar-ra-tive, tribal

Underfull \hbox (badness 10000) in paragraph at lines 51--51
[]|\TU/TeXGyrePagella(0)/m/n/12 Camel-driving,

Underfull \hbox (badness 10000) in paragraph at lines 51--51
[]|\TU/TeXGyrePagella(0)/m/n/12 Light verse,

Underfull \hbox (badness 10000) in paragraph at lines 51--51
[]|\TU/TeXGyrePagella(0)/m/n/12 Hilali-derived

Underfull \hbox (badness 10000) in paragraph at lines 51--51
[]|\TU/TeXGyrePagella(0)/m/n/12 The dom-i-nant

Underfull \hbox (badness 10000) in paragraph at lines 51--51
\TU/TeXGyrePagella(0)/m/n/12 Nabati me-ter

Underfull \hbox (badness 10000) in paragraph at lines 51--51
[]|\TU/TeXGyrePagella(0)/m/n/12 Sari’/Baseet

Underfull \hbox (badness 10000) in paragraph at lines 51--51
[]|\TU/TeXGyrePagella(0)/m/n/12 Camel-riding,


Package hyperref Warning: Token not allowed in a PDF string (Unicode):
(hyperref)                removing `\Arabic' on input line 54.


Underfull \hbox (badness 10000) in paragraph at lines 72--72
[]|\TU/TeXGyrePagella(0)/m/n/12 Linked to Mash-hub;

Underfull \hbox (badness 10000) in paragraph at lines 72--72
\TU/TeXGyrePagella(0)/m/n/12 noc-tur-nal gath-er-ing

Underfull \hbox (badness 10000) in paragraph at lines 72--72
[]|\TU/Amiri(0)/m/n/12 مستفعلن فاعلن مستفعلن

Underfull \hbox (badness 10000) in paragraph at lines 72--72
[]|\TU/TeXGyrePagella(0)/m/n/12 In-no-vated by Ibn

Underfull \hbox (badness 10000) in paragraph at lines 72--72
[]|\TU/TeXGyrePagella(0)/m/n/12 Muwashshahat-like

Underfull \vbox (badness 10000) has occurred while \output is active

Package fancyhdr Warning: \headheight is too small (14.0pt): 
(fancyhdr)                Make it at least 24.01996pt, for example:
(fancyhdr)                \setlength{\headheight}{24.01996pt}.
(fancyhdr)                You might also make \topmargin smaller to compensate:

(fancyhdr)                \addtolength{\topmargin}{-10.01996pt}.

[36]

Package hyperref Warning: Token not allowed in a PDF string (Unicode):
(hyperref)                removing `\Arabic' on input line 76.


Underfull \vbox (badness 10000) has occurred while \output is active

Package fancyhdr Warning: \headheight is too small (14.0pt): 
(fancyhdr)                Make it at least 24.01996pt, for example:
(fancyhdr)                \setlength{\headheight}{24.01996pt}.
(fancyhdr)                You might also make \topmargin smaller to compensate:

(fancyhdr)                \addtolength{\topmargin}{-10.01996pt}.

[37]

LaTeX Warning: Reference `mdf@pagelabel-6' on page 38 undefined on input line 9
5.



Package hyperref Warning: Token not allowed in a PDF string (Unicode):
(hyperref)                removing `\Arabic' on input line 101.


Underfull \hbox (badness 10000) in paragraph at lines 117--117
[]|\TU/TeXGyrePagella(0)/m/n/12 Old-est Nabati po-ems; hero-ic/his-tor-i-cal

Underfull \hbox (badness 6412) in paragraph at lines 117--117
[]|\TU/TeXGyrePagella(0)/m/n/12 Re-lated to clas-si-cal Taweel but re-alised


Package hyperref Warning: Token not allowed in a PDF string (Unicode):
(hyperref)                removing `\Arabic' on input line 120.



Package fancyhdr Warning: \headheight is too small (14.0pt): 
(fancyhdr)                Make it at least 24.01996pt, for example:
(fancyhdr)                \setlength{\headheight}{24.01996pt}.
(fancyhdr)                You might also make \topmargin smaller to compensate:

(fancyhdr)                \addtolength{\topmargin}{-10.01996pt}.

[38]

Package hyperref Warning: Token not allowed in a PDF string (Unicode):
(hyperref)                removing `\Arabic' on input line 152.


Underfull \hbox (badness 6300) in paragraph at lines 176--176
[]|\TU/TeXGyrePagella(0)/m/n/12 The Nabati equiv-a-lent of madih;

Underfull \hbox (badness 1383) in paragraph at lines 176--176
\TU/TeXGyrePagella(0)/m/n/12 praises tribal lead-ers and war-riors

Underfull \hbox (badness 7981) in paragraph at lines 176--176
[]|\TU/TeXGyrePagella(0)/m/n/12 Tribal pride; glo-ri-fi-ca-tion of the

Underfull \hbox (badness 2818) in paragraph at lines 176--176
[]|\TU/TeXGyrePagella(0)/m/n/12 In-tense long-ing for the home-land

Underfull \hbox (badness 10000) in paragraph at lines 176--176
[]|\TU/TeXGyrePagella(0)/m/n/12 Di-rect tribal-vs-tribal com-pe-ti-tion;

Underfull \vbox (badness 5939) has occurred while \output is active

Package fancyhdr Warning: \headheight is too small (14.0pt): 
(fancyhdr)                Make it at least 27.23094pt, for example:
(fancyhdr)                \setlength{\headheight}{27.23094pt}.
(fancyhdr)                You might also make \topmargin smaller to compensate:

(fancyhdr)                \addtolength{\topmargin}{-13.23094pt}.

[39
Missing character: There is no أ (U+0623) in font TeXGyrePagella:mode=node;scr
ipt=latn;language=dflt;+tlig;!
Missing character: There is no غ (U+063A) in font TeXGyrePagella:mode=node;scr
ipt=latn;language=dflt;+tlig;!
Missing character: There is no ر (U+0631) in font TeXGyrePagella:mode=node;scr
ipt=latn;language=dflt;+tlig;!
Missing character: There is no ا (U+0627) in font TeXGyrePagella:mode=node;scr
ipt=latn;language=dflt;+tlig;!
Missing character: There is no ض (U+0636) in font TeXGyrePagella:mode=node;scr
ipt=latn;language=dflt;+tlig;!
]

Package hyperref Warning: Token not allowed in a PDF string (Unicode):
(hyperref)                removing `\Arabic' on input line 183.



Package fancyhdr Warning: \headheight is too small (14.0pt): 
(fancyhdr)                Make it at least 24.01996pt, for example:
(fancyhdr)                \setlength{\headheight}{24.01996pt}.
(fancyhdr)                You might also make \topmargin smaller to compensate:

(fancyhdr)                \addtolength{\topmargin}{-10.01996pt}.

[40
Missing character: There is no ه (U+0647) in font TeXGyrePagella:mode=node;scr
ipt=latn;language=dflt;+tlig;!
Missing character: There is no ج (U+062C) in font TeXGyrePagella:mode=node;scr
ipt=latn;language=dflt;+tlig;!
Missing character: There is no ا (U+0627) in font TeXGyrePagella:mode=node;scr
ipt=latn;language=dflt;+tlig;!
Missing character: There is no ء (U+0621) in font TeXGyrePagella:mode=node;scr
ipt=latn;language=dflt;+tlig;!
Missing character: There is no ه (U+0647) in font TeXGyrePagella:mode=node;scr
ipt=latn;language=dflt;+tlig;!
Missing character: There is no ج (U+062C) in font TeXGyrePagella:mode=node;scr
ipt=latn;language=dflt;+tlig;!
Missing character: There is no ا (U+0627) in font TeXGyrePagella:mode=node;scr
ipt=latn;language=dflt;+tlig;!
Missing character: There is no ء (U+0621) in font TeXGyrePagella:mode=node;scr
ipt=latn;language=dflt;+tlig;!
]

Package hyperref Warning: Token not allowed in a PDF string (Unicode):
(hyperref)                removing `\Arabic' on input line 193.



Package hyperref Warning: Token not allowed in a PDF string (Unicode):
(hyperref)                removing `\Arabic' on input line 202.


Underfull \hbox (badness 10000) in paragraph at lines 232--232
[]|\TU/TeXGyrePagella(0)/m/n/12 Foun-da-tional Samri

Underfull \hbox (badness 3919) in paragraph at lines 232--232
\TU/TeXGyrePagella(0)/m/n/12 poet; in-no-vated Bahr

Underfull \hbox (badness 10000) in paragraph at lines 232--232
[]|\TU/TeXGyrePagella(0)/m/n/12 Tribal war-rior poet;

Underfull \hbox (badness 10000) in paragraph at lines 232--232
[]|\TU/TeXGyrePagella(0)/m/n/12 Po-lit-i-cal and tribal

Underfull \hbox (badness 10000) in paragraph at lines 232--232
[]|\TU/TeXGyrePagella(0)/m/n/12 Bridged Nabati and

Underfull \hbox (badness 1112) in paragraph at lines 232--232
\TU/TeXGyrePagella(0)/m/n/12 clas-si-cal; most widely

Underfull \hbox (badness 10000) in paragraph at lines 232--232
\TU/TeXGyrePagella(0)/m/n/12 read mod-ern Saudi

Underfull \hbox (badness 3657) in paragraph at lines 232--232
[]|\TU/TeXGyrePagella(0)/m/n/12 Con-tem-po-rary; dom-i-

Underfull \vbox (badness 10000) has occurred while \output is active

Package fancyhdr Warning: \headheight is too small (14.0pt): 
(fancyhdr)                Make it at least 24.01996pt, for example:
(fancyhdr)                \setlength{\headheight}{24.01996pt}.
(fancyhdr)                You might also make \topmargin smaller to compensate:

(fancyhdr)                \addtolength{\topmargin}{-10.01996pt}.

[41]
Underfull \vbox (badness 10000) has occurred while \output is active

Package fancyhdr Warning: \headheight is too small (14.0pt): 
(fancyhdr)                Make it at least 24.01996pt, for example:
(fancyhdr)                \setlength{\headheight}{24.01996pt}.
(fancyhdr)                You might also make \topmargin smaller to compensate:

(fancyhdr)                \addtolength{\topmargin}{-10.01996pt}.

[42]

Package fancyhdr Warning: \headheight is too small (14.0pt): 
(fancyhdr)                Make it at least 24.01996pt, for example:
(fancyhdr)                \setlength{\headheight}{24.01996pt}.
(fancyhdr)                You might also make \topmargin smaller to compensate:

(fancyhdr)                \addtolength{\topmargin}{-10.01996pt}.

[43]

Package fancyhdr Warning: \headheight is too small (14.0pt): 
(fancyhdr)                Make it at least 24.01996pt, for example:
(fancyhdr)                \setlength{\headheight}{24.01996pt}.
(fancyhdr)                You might also make \topmargin smaller to compensate:

(fancyhdr)                \addtolength{\topmargin}{-10.01996pt}.

[44])

Package fancyhdr Warning: \headheight is too small (14.0pt): 
(fancyhdr)                Make it at least 24.01996pt, for example:
(fancyhdr)                \setlength{\headheight}{24.01996pt}.
(fancyhdr)                You might also make \topmargin smaller to compensate:

(fancyhdr)                \addtolength{\topmargin}{-10.01996pt}.

[45] (./chapters/ch04_performance_forms.tex
Chapter 4.


Package hyperref Warning: Token not allowed in a PDF string (Unicode):
(hyperref)                removing `\Arabic' on input line 10.


Underfull \hbox (badness 2119) in paragraph at lines 31--31
[]|\TU/TeXGyrePagella(0)/m/n/12 From []\TU/Amiri(0)/m/n/12 قلط على[][] \T
U/TeXGyrePagella(0)/m/n/12 = ``to ad-

Underfull \hbox (badness 4531) in paragraph at lines 31--31
\TU/TeXGyrePagella(0)/m/n/12 vance to-ward some-one'';
 [46]

Package hyperref Warning: Token not allowed in a PDF string (Unicode):
(hyperref)                removing `\Arabic' on input line 44.



Package fancyhdr Warning: \headheight is too small (14.0pt): 
(fancyhdr)                Make it at least 24.01996pt, for example:
(fancyhdr)                \setlength{\headheight}{24.01996pt}.
(fancyhdr)                You might also make \topmargin smaller to compensate:

(fancyhdr)                \addtolength{\topmargin}{-10.01996pt}.

[47]

Package hyperref Warning: Token not allowed in a PDF string (Unicode):
(hyperref)                removing `\Arabic' on input line 73.


Overfull \hbox (5.14722pt too wide) in paragraph at lines 76--77
[]\TU/TeXGyrePagella(0)/m/it/12 No-ble/el-e-vated ex-change\TU/TeXGyrePagella(0
)/m/n/12 : Ad-dresses high lit-er-ary, eth-i-cal, or so-cial themes. More


Package hyperref Warning: Token not allowed in a PDF string (Unicode):
(hyperref)                removing `\Arabic' on input line 92.



Package fancyhdr Warning: \headheight is too small (14.0pt): 
(fancyhdr)                Make it at least 24.01996pt, for example:
(fancyhdr)                \setlength{\headheight}{24.01996pt}.
(fancyhdr)                You might also make \topmargin smaller to compensate:

(fancyhdr)                \addtolength{\topmargin}{-10.01996pt}.

[48]
Overfull \hbox (4.91365pt too wide) in paragraph at lines 127--128
[]\TU/TeXGyrePagella(0)/m/it/12 En-trance Ar-dah\TU/TeXGyrePagella(0)/m/n/12 : 
Per-formed en-ter-ing a vil-lage; used for wel-com-ing guests


Package fancyhdr Warning: \headheight is too small (14.0pt): 
(fancyhdr)                Make it at least 24.01996pt, for example:
(fancyhdr)                \setlength{\headheight}{24.01996pt}.
(fancyhdr)                You might also make \topmargin smaller to compensate:

(fancyhdr)                \addtolength{\topmargin}{-10.01996pt}.

[49]

Package hyperref Warning: Token not allowed in a PDF string (Unicode):
(hyperref)                removing `\Arabic' on input line 142.


Underfull \vbox (badness 1584) has occurred while \output is active

Package fancyhdr Warning: \headheight is too small (14.0pt): 
(fancyhdr)                Make it at least 24.01996pt, for example:
(fancyhdr)                \setlength{\headheight}{24.01996pt}.
(fancyhdr)                You might also make \topmargin smaller to compensate:

(fancyhdr)                \addtolength{\topmargin}{-10.01996pt}.

[50
Missing character: There is no ا (U+0627) in font TeXGyrePagella/B:mode=node;s
cript=latn;language=dflt;+tlig;!
Missing character: There is no ل (U+0644) in font TeXGyrePagella/B:mode=node;s
cript=latn;language=dflt;+tlig;!
Missing character: There is no م (U+0645) in font TeXGyrePagella/B:mode=node;s
cript=latn;language=dflt;+tlig;!
Missing character: There is no ع (U+0639) in font TeXGyrePagella/B:mode=node;s
cript=latn;language=dflt;+tlig;!
Missing character: There is no ل (U+0644) in font TeXGyrePagella/B:mode=node;s
cript=latn;language=dflt;+tlig;!
Missing character: There is no م (U+0645) in font TeXGyrePagella/B:mode=node;s
cript=latn;language=dflt;+tlig;!
]
Underfull \vbox (badness 3407) has occurred while \output is active

Package fancyhdr Warning: \headheight is too small (14.0pt): 
(fancyhdr)                Make it at least 24.01996pt, for example:
(fancyhdr)                \setlength{\headheight}{24.01996pt}.
(fancyhdr)                You might also make \topmargin smaller to compensate:

(fancyhdr)                \addtolength{\topmargin}{-10.01996pt}.

[51]

Package hyperref Warning: Token not allowed in a PDF string (Unicode):
(hyperref)                removing `\Arabic' on input line 217.



Package fancyhdr Warning: \headheight is too small (14.0pt): 
(fancyhdr)                Make it at least 24.01996pt, for example:
(fancyhdr)                \setlength{\headheight}{24.01996pt}.
(fancyhdr)                You might also make \topmargin smaller to compensate:

(fancyhdr)                \addtolength{\topmargin}{-10.01996pt}.

[52]
Overfull \hbox (12.05792pt too wide) in paragraph at lines 263--264
[]\TU/TeXGyrePagella(0)/m/n/12 Based on Syr-i-ac/Ara-maic met-rics (e.g., many 
sub-forms of the []\TU/Amiri(0)/m/n/12 القريدي[][]\TU/TeXGyrePagella(0)/
m/n/12 ). 

Underfull \vbox (badness 10000) has occurred while \output is active

Package fancyhdr Warning: \headheight is too small (14.0pt): 
(fancyhdr)                Make it at least 24.23395pt, for example:
(fancyhdr)                \setlength{\headheight}{24.23395pt}.
(fancyhdr)                You might also make \topmargin smaller to compensate:

(fancyhdr)                \addtolength{\topmargin}{-10.23395pt}.

[53]

Package hyperref Warning: Token not allowed in a PDF string (Unicode):
(hyperref)                removing `\Arabic' on input line 281.



Package hyperref Warning: Token not allowed in a PDF string (Unicode):
(hyperref)                removing `\Arabic' on input line 290.



Package fancyhdr Warning: \headheight is too small (14.0pt): 
(fancyhdr)                Make it at least 24.01996pt, for example:
(fancyhdr)                \setlength{\headheight}{24.01996pt}.
(fancyhdr)                You might also make \topmargin smaller to compensate:

(fancyhdr)                \addtolength{\topmargin}{-10.01996pt}.

[54]
Underfull \vbox (badness 3240) has occurred while \output is active

Package fancyhdr Warning: \headheight is too small (14.0pt): 
(fancyhdr)                Make it at least 24.01996pt, for example:
(fancyhdr)                \setlength{\headheight}{24.01996pt}.
(fancyhdr)                You might also make \topmargin smaller to compensate:

(fancyhdr)                \addtolength{\topmargin}{-10.01996pt}.

[55])

Package fancyhdr Warning: \headheight is too small (14.0pt): 
(fancyhdr)                Make it at least 24.01996pt, for example:
(fancyhdr)                \setlength{\headheight}{24.01996pt}.
(fancyhdr)                You might also make \topmargin smaller to compensate:

(fancyhdr)                \addtolength{\topmargin}{-10.01996pt}.

[56] (./chapters/ch05_modern_forms.tex
Chapter 5.


Package hyperref Warning: Token not allowed in a PDF string (Unicode):
(hyperref)                removing `\Arabic' on input line 10.


Underfull \vbox (badness 7796) has occurred while \output is active [57]

Package hyperref Warning: Token not allowed in a PDF string (Unicode):
(hyperref)                removing `\Arabic' on input line 33.



Package fancyhdr Warning: \headheight is too small (14.0pt): 
(fancyhdr)                Make it at least 24.01996pt, for example:
(fancyhdr)                \setlength{\headheight}{24.01996pt}.
(fancyhdr)                You might also make \topmargin smaller to compensate:

(fancyhdr)                \addtolength{\topmargin}{-10.01996pt}.

[58
Missing character: There is no ت (U+062A) in font TeXGyrePagella:mode=node;scr
ipt=latn;language=dflt;+tlig;!
Missing character: There is no ف (U+0641) in font TeXGyrePagella:mode=node;scr
ipt=latn;language=dflt;+tlig;!
Missing character: There is no ع (U+0639) in font TeXGyrePagella:mode=node;scr
ipt=latn;language=dflt;+tlig;!
Missing character: There is no ي (U+064A) in font TeXGyrePagella:mode=node;scr
ipt=latn;language=dflt;+tlig;!
Missing character: There is no ل (U+0644) in font TeXGyrePagella:mode=node;scr
ipt=latn;language=dflt;+tlig;!
Missing character: There is no ة (U+0629) in font TeXGyrePagella:mode=node;scr
ipt=latn;language=dflt;+tlig;!
Missing character: There is no ت (U+062A) in font TeXGyrePagella:mode=node;scr
ipt=latn;language=dflt;+tlig;!
Missing character: There is no ف (U+0641) in font TeXGyrePagella:mode=node;scr
ipt=latn;language=dflt;+tlig;!
Missing character: There is no ع (U+0639) in font TeXGyrePagella:mode=node;scr
ipt=latn;language=dflt;+tlig;!
Missing character: There is no ي (U+064A) in font TeXGyrePagella:mode=node;scr
ipt=latn;language=dflt;+tlig;!
Missing character: There is no ل (U+0644) in font TeXGyrePagella:mode=node;scr
ipt=latn;language=dflt;+tlig;!
Missing character: There is no ة (U+0629) in font TeXGyrePagella:mode=node;scr
ipt=latn;language=dflt;+tlig;!
Missing character: There is no ت (U+062A) in font TeXGyrePagella:mode=node;scr
ipt=latn;language=dflt;+tlig;!
Missing character: There is no ف (U+0641) in font TeXGyrePagella:mode=node;scr
ipt=latn;language=dflt;+tlig;!
Missing character: There is no ع (U+0639) in font TeXGyrePagella:mode=node;scr
ipt=latn;language=dflt;+tlig;!
Missing character: There is no ي (U+064A) in font TeXGyrePagella:mode=node;scr
ipt=latn;language=dflt;+tlig;!
Missing character: There is no ل (U+0644) in font TeXGyrePagella:mode=node;scr
ipt=latn;language=dflt;+tlig;!
Missing character: There is no ة (U+0629) in font TeXGyrePagella:mode=node;scr
ipt=latn;language=dflt;+tlig;!
]

LaTeX Warning: Reference `mdf@pagelabel-7' on page 59 undefined on input line 6
9.



Package hyperref Warning: Token not allowed in a PDF string (Unicode):
(hyperref)                removing `\Arabic' on input line 71.



Package hyperref Warning: Token not allowed in a PDF string (Unicode):
(hyperref)                removing `\Arabic' on input line 87.



Package fancyhdr Warning: \headheight is too small (14.0pt): 
(fancyhdr)                Make it at least 24.01996pt, for example:
(fancyhdr)                \setlength{\headheight}{24.01996pt}.
(fancyhdr)                You might also make \topmargin smaller to compensate:

(fancyhdr)                \addtolength{\topmargin}{-10.01996pt}.

[59
Missing character: There is no ت (U+062A) in font TeXGyrePagella:mode=node;scr
ipt=latn;language=dflt;+tlig;!
Missing character: There is no ف (U+0641) in font TeXGyrePagella:mode=node;scr
ipt=latn;language=dflt;+tlig;!
Missing character: There is no ع (U+0639) in font TeXGyrePagella:mode=node;scr
ipt=latn;language=dflt;+tlig;!
Missing character: There is no ي (U+064A) in font TeXGyrePagella:mode=node;scr
ipt=latn;language=dflt;+tlig;!
Missing character: There is no ل (U+0644) in font TeXGyrePagella:mode=node;scr
ipt=latn;language=dflt;+tlig;!
Missing character: There is no ة (U+0629) in font TeXGyrePagella:mode=node;scr
ipt=latn;language=dflt;+tlig;!
]

Package hyperref Warning: Token not allowed in a PDF string (Unicode):
(hyperref)                removing `\Arabic' on input line 116.


Underfull \hbox (badness 3291) in paragraph at lines 135--135
[]|\TU/TeXGyrePagella(0)/m/n/12 Are the im-ages fresh and un-ex-pected? Is ther
e

Underfull \vbox (badness 10000) has occurred while \output is active

Package fancyhdr Warning: \headheight is too small (14.0pt): 
(fancyhdr)                Make it at least 24.01996pt, for example:
(fancyhdr)                \setlength{\headheight}{24.01996pt}.
(fancyhdr)                You might also make \topmargin smaller to compensate:

(fancyhdr)                \addtolength{\topmargin}{-10.01996pt}.

[60
Missing character: There is no ت (U+062A) in font TeXGyrePagella:mode=node;scr
ipt=latn;language=dflt;+tlig;!
Missing character: There is no ف (U+0641) in font TeXGyrePagella:mode=node;scr
ipt=latn;language=dflt;+tlig;!
Missing character: There is no ع (U+0639) in font TeXGyrePagella:mode=node;scr
ipt=latn;language=dflt;+tlig;!
Missing character: There is no ي (U+064A) in font TeXGyrePagella:mode=node;scr
ipt=latn;language=dflt;+tlig;!
Missing character: There is no ل (U+0644) in font TeXGyrePagella:mode=node;scr
ipt=latn;language=dflt;+tlig;!
Missing character: There is no ة (U+0629) in font TeXGyrePagella:mode=node;scr
ipt=latn;language=dflt;+tlig;!
]

Package hyperref Warning: Token not allowed in a PDF string (Unicode):
(hyperref)                removing `\Arabic' on input line 143.


Overfull \hbox (10.49289pt too wide) in paragraph at lines 152--153
\TU/TeXGyrePagella(0)/m/n/12 tions, or use Nabati me-ters with Fusha lan-guage.
 This is tech-ni-cally non-standard


Package fancyhdr Warning: \headheight is too small (14.0pt): 
(fancyhdr)                Make it at least 24.01996pt, for example:
(fancyhdr)                \setlength{\headheight}{24.01996pt}.
(fancyhdr)                You might also make \topmargin smaller to compensate:

(fancyhdr)                \addtolength{\topmargin}{-10.01996pt}.

[61]
Underfull \hbox (badness 10000) in paragraph at lines 170--170
[]|\TU/TeXGyrePagella(0)/b/n/12 AI Eval-u-a-tion

Underfull \hbox (badness 10000) in paragraph at lines 170--170
[]|\TU/TeXGyrePagella(0)/m/n/12 Bo-hour li-brary

Underfull \hbox (badness 8000) in paragraph at lines 170--170
[]|\TU/TeXGyrePagella(0)/m/n/12 LLM qual-i-ta-tive

Underfull \hbox (badness 10000) in paragraph at lines 170--170
[]|\TU/TeXGyrePagella(0)/m/n/12 Nabati-specific

Underfull \hbox (badness 10000) in paragraph at lines 170--170
[]|\TU/TeXGyrePagella(0)/m/n/12 Form-specific


Package fancyhdr Warning: \headheight is too small (14.0pt): 
(fancyhdr)                Make it at least 24.01996pt, for example:
(fancyhdr)                \setlength{\headheight}{24.01996pt}.
(fancyhdr)                You might also make \topmargin smaller to compensate:

(fancyhdr)                \addtolength{\topmargin}{-10.01996pt}.

[62]
Overfull \hbox (30.74684pt too wide) in paragraph at lines 186--187
\TU/Amiri(0)/m/n/12 (1923–2007) التي نشرت قصيدة ``الكولي
را'' في ديسمبر 1947، وإلى بدر شاكر السياب (1926–1
964)

Package fancyhdr Warning: \headheight is too small (14.0pt): 
(fancyhdr)                Make it at least 24.01996pt, for example:
(fancyhdr)                \setlength{\headheight}{24.01996pt}.
(fancyhdr)                You might also make \topmargin smaller to compensate:

(fancyhdr)                \addtolength{\topmargin}{-10.01996pt}.

[63])

Package fancyhdr Warning: \headheight is too small (14.0pt): 
(fancyhdr)                Make it at least 24.01996pt, for example:
(fancyhdr)                \setlength{\headheight}{24.01996pt}.
(fancyhdr)                You might also make \topmargin smaller to compensate:

(fancyhdr)                \addtolength{\topmargin}{-10.01996pt}.

[64]

LaTeX Warning: Empty bibliography on input line 305.

(./appendices/appA_meters_reference.tex
Appendix A.

Underfull \hbox (badness 10000) in paragraph at lines 26--26
[]|\TU/Amiri(0)/m/n/12 فَعُولُنْ مَفَاعِيلُنْ فَعُو
لُنْ

Underfull \hbox (badness 10000) in paragraph at lines 32--32
[]|\TU/Amiri(0)/m/n/12 مُسْتَفْعِلُنْ مُسْتَفْعِلُن
ْ

Underfull \hbox (badness 10000) in paragraph at lines 33--33
[]|\TU/Amiri(0)/m/n/12 فَاعِلَاتُنْ/فَاعِلَا[][]

Underfull \hbox (badness 10000) in paragraph at lines 34--34
[]|\TU/Amiri(0)/m/n/12 مُسْتَفْعِلُنْ مُسْتَفْعِلُن
ْ

Underfull \hbox (badness 10000) in paragraph at lines 35--35
[]|\TU/Amiri(0)/m/n/12 مُسْتَفْعِلُنْ مَفْعُولَاتُ

Underfull \hbox (badness 10000) in paragraph at lines 36--36
[]|\TU/Amiri(0)/m/n/12 فَاعِلَاتُنْ مُسْتَفْعِ لُنْ
 [65
Missing character: There is no م (U+0645) in font TeXGyrePagella:mode=node;scr
ipt=latn;language=dflt;+tlig;!
Missing character: There is no ق (U+0642) in font TeXGyrePagella:mode=node;scr
ipt=latn;language=dflt;+tlig;!
Missing character: There is no ب (U+0628) in font TeXGyrePagella:mode=node;scr
ipt=latn;language=dflt;+tlig;!
Missing character: There is no و (U+0648) in font TeXGyrePagella:mode=node;scr
ipt=latn;language=dflt;+tlig;!
Missing character: There is no ض (U+0636) in font TeXGyrePagella:mode=node;scr
ipt=latn;language=dflt;+tlig;!
Missing character: There is no ة (U+0629) in font TeXGyrePagella:mode=node;scr
ipt=latn;language=dflt;+tlig;!
Missing character: There is no م (U+0645) in font TeXGyrePagella:mode=node;scr
ipt=latn;language=dflt;+tlig;!
Missing character: There is no خ (U+062E) in font TeXGyrePagella:mode=node;scr
ipt=latn;language=dflt;+tlig;!
Missing character: There is no ب (U+0628) in font TeXGyrePagella:mode=node;scr
ipt=latn;language=dflt;+tlig;!
Missing character: There is no و (U+0648) in font TeXGyrePagella:mode=node;scr
ipt=latn;language=dflt;+tlig;!
Missing character: There is no ن (U+0646) in font TeXGyrePagella:mode=node;scr
ipt=latn;language=dflt;+tlig;!
Missing character: There is no ة (U+0629) in font TeXGyrePagella:mode=node;scr
ipt=latn;language=dflt;+tlig;!
Missing character: There is no م (U+0645) in font TeXGyrePagella:mode=node;scr
ipt=latn;language=dflt;+tlig;!
Missing character: There is no ق (U+0642) in font TeXGyrePagella:mode=node;scr
ipt=latn;language=dflt;+tlig;!
Missing character: There is no ط (U+0637) in font TeXGyrePagella:mode=node;scr
ipt=latn;language=dflt;+tlig;!
Missing character: There is no و (U+0648) in font TeXGyrePagella:mode=node;scr
ipt=latn;language=dflt;+tlig;!
Missing character: There is no ف (U+0641) in font TeXGyrePagella:mode=node;scr
ipt=latn;language=dflt;+tlig;!
]
Underfull \hbox (badness 10000) in paragraph at lines 65--65
[]|\TU/Amiri(0)/m/n/12 فَعُولُنْ[][] \TU/TeXGyrePagella(0)/m/n/12 → 
[]\TU/Amiri(0)/m/n/12 فَعُولُ[][]\TU/TeXGyrePagella(0)/m/n/12 ; []\TU/Am
iri(0)/m/n/12 مَفَاعِيلُنْ[][] \TU/TeXGyrePagella(0)/m/n/12 →

Underfull \vbox (badness 10000) has occurred while \output is active

Package fancyhdr Warning: \headheight is too small (14.0pt): 
(fancyhdr)                Make it at least 24.01996pt, for example:
(fancyhdr)                \setlength{\headheight}{24.01996pt}.
(fancyhdr)                You might also make \topmargin smaller to compensate:

(fancyhdr)                \addtolength{\topmargin}{-10.01996pt}.

[66
Missing character: There is no م (U+0645) in font TeXGyrePagella:mode=node;scr
ipt=latn;language=dflt;+tlig;!
Missing character: There is no ح (U+062D) in font TeXGyrePagella:mode=node;scr
ipt=latn;language=dflt;+tlig;!
Missing character: There is no ذ (U+0630) in font TeXGyrePagella:mode=node;scr
ipt=latn;language=dflt;+tlig;!
Missing character: There is no و (U+0648) in font TeXGyrePagella:mode=node;scr
ipt=latn;language=dflt;+tlig;!
Missing character: There is no ف (U+0641) in font TeXGyrePagella:mode=node;scr
ipt=latn;language=dflt;+tlig;!
Missing character: There is no م (U+0645) in font TeXGyrePagella:mode=node;scr
ipt=latn;language=dflt;+tlig;!
Missing character: There is no و (U+0648) in font TeXGyrePagella:mode=node;scr
ipt=latn;language=dflt;+tlig;!
Missing character: There is no ق (U+0642) in font TeXGyrePagella:mode=node;scr
ipt=latn;language=dflt;+tlig;!
Missing character: There is no و (U+0648) in font TeXGyrePagella:mode=node;scr
ipt=latn;language=dflt;+tlig;!
Missing character: There is no ف (U+0641) in font TeXGyrePagella:mode=node;scr
ipt=latn;language=dflt;+tlig;!
]
Underfull \hbox (badness 10000) in paragraph at lines 89--89
[]|\TU/TeXGyrePagella(0)/b/n/12 Ap-prox-i-mate Pat-

Underfull \hbox (badness 10000) in paragraph at lines 89--89
[]|\TU/Amiri(0)/m/n/12 مستفعلن مستفعلن

Underfull \hbox (badness 10000) in paragraph at lines 89--89
[]|\TU/TeXGyrePagella(0)/m/n/12 Most com-mon

Underfull \hbox (badness 10000) in paragraph at lines 89--89
[]|\TU/Amiri(0)/m/n/12 مستفعلن مستفعلن

Underfull \hbox (badness 3713) in paragraph at lines 89--89
[]|\TU/TeXGyrePagella(0)/m/n/12 Old-est; an-ces-tor of

Underfull \hbox (badness 10000) in paragraph at lines 89--89
[]|\TU/TeXGyrePagella(0)/m/n/12 Camel-riding, jour-

Underfull \hbox (badness 10000) in paragraph at lines 89--89
[]|\TU/TeXGyrePagella(0)/m/n/12 In-no-vated by Ibn

Underfull \hbox (badness 10000) in paragraph at lines 89--89
[]|\TU/TeXGyrePagella(0)/m/n/12 Noc-tur-nal per-for-
)
Underfull \vbox (badness 10000) has occurred while \output is active

Package fancyhdr Warning: \headheight is too small (14.0pt): 
(fancyhdr)                Make it at least 24.01996pt, for example:
(fancyhdr)                \setlength{\headheight}{24.01996pt}.
(fancyhdr)                You might also make \topmargin smaller to compensate:

(fancyhdr)                \addtolength{\topmargin}{-10.01996pt}.

[67]

Package fancyhdr Warning: \headheight is too small (14.0pt): 
(fancyhdr)                Make it at least 24.01996pt, for example:
(fancyhdr)                \setlength{\headheight}{24.01996pt}.
(fancyhdr)                You might also make \topmargin smaller to compensate:

(fancyhdr)                \addtolength{\topmargin}{-10.01996pt}.

[68] (./appendices/appB_glossary.tex
Appendix B.

Underfull \vbox (badness 10000) has occurred while \output is active [69]
Underfull \vbox (badness 10000) has occurred while \output is active

Package fancyhdr Warning: \headheight is too small (14.0pt): 
(fancyhdr)                Make it at least 24.01996pt, for example:
(fancyhdr)                \setlength{\headheight}{24.01996pt}.
(fancyhdr)                You might also make \topmargin smaller to compensate:

(fancyhdr)                \addtolength{\topmargin}{-10.01996pt}.

[70
Missing character: There is no ا (U+0627) in font TeXGyrePagella:mode=node;scr
ipt=latn;language=dflt;+tlig;!
Missing character: There is no ، (U+060C) in font TeXGyrePagella:mode=node;scr
ipt=latn;language=dflt;+tlig;!
Missing character: There is no و (U+0648) in font TeXGyrePagella:mode=node;scr
ipt=latn;language=dflt;+tlig;!
Missing character: There is no ، (U+060C) in font TeXGyrePagella:mode=node;scr
ipt=latn;language=dflt;+tlig;!
Missing character: There is no ي (U+064A) in font TeXGyrePagella:mode=node;scr
ipt=latn;language=dflt;+tlig;!
]
Overfull \hbox (1.37651pt too wide) in paragraph at lines 73--74
\TU/TeXGyrePagella(0)/m/n/12 Po-etic com-pe-ti-tion be-tween two po-ets ex-chan
g-ing verses on the same

Underfull \vbox (badness 10000) has occurred while \output is active

Package fancyhdr Warning: \headheight is too small (14.0pt): 
(fancyhdr)                Make it at least 24.01996pt, for example:
(fancyhdr)                \setlength{\headheight}{24.01996pt}.
(fancyhdr)                You might also make \topmargin smaller to compensate:

(fancyhdr)                \addtolength{\topmargin}{-10.01996pt}.

[71]
Overfull \hbox (1.24449pt too wide) in paragraph at lines 97--98
\TU/TeXGyrePagella(0)/m/n/12 The dual-rhyme sys-tem: dis-tinct rhymes for sadr 
and ajuz hemistichs
)

Package fancyhdr Warning: \headheight is too small (14.0pt): 
(fancyhdr)                Make it at least 24.01996pt, for example:
(fancyhdr)                \setlength{\headheight}{24.01996pt}.
(fancyhdr)                You might also make \topmargin smaller to compensate:

(fancyhdr)                \addtolength{\topmargin}{-10.01996pt}.

[72] (./build/report.aux (./build/chapters/ch01_poetry_landscape.aux)
(./build/chapters/ch02_classical_poetry.aux)
(./build/chapters/ch03_nabati_poetry.aux)
(./build/chapters/ch04_performance_forms.aux)
(./build/chapters/ch05_modern_forms.aux)
(./build/appendices/appA_meters_reference.aux)
(./build/appendices/appB_glossary.aux))

LaTeX Warning: There were undefined references.


LaTeX Warning: Label(s) may have changed. Rerun to get cross-references right.


Package rerunfilecheck Warning: File `report.out' has changed.
(rerunfilecheck)                Rerun to get outlines right
(rerunfilecheck)                or use package `bookmark'.


Package biblatex Warning: Please (re)run Biber on the file:
(biblatex)                report
(biblatex)                and rerun LaTeX afterwards.

)
(see the transcript file for additional information)
 7276 words of node memory still in use:
   30 hlist, 2 vlist, 14 rule, 808 dir, 2 glue, 4 kern, 1 glyph, 489 attribute,
 114 glue_spec, 489 attribute_list, 7 write, 24 pdf_literal, 24 pdf_colorstack 
nodes
   avail lists: 1:3,2:2078,3:607,4:130,5:653,6:142,7:5949,8:2,9:1018,10:12,11:4
17
</usr/share/texmf/fonts/opentype/public/tex-gyre/texgyrecursor-regular.otf></us
r/share/texlive/texmf-dist/fonts/truetype/public/amiri/Amiri-Italic.ttf></usr/s
hare/texlive/texmf-dist/fonts/truetype/public/amiri/Amiri-Bold.ttf></usr/share/
texmf/fonts/opentype/public/tex-gyre/texgyrepagella-italic.otf></usr/share/texm
f/fonts/opentype/public/tex-gyre/texgyrepagella-bold.otf></usr/share/texmf/font
s/opentype/public/tex-gyre/texgyrepagella-regular.otf></usr/share/texlive/texmf
-dist/fonts/truetype/public/amiri/Amiri-Regular.ttf>
Output written on report.pdf (76 pages, 320643 bytes).
Transcript written on report.log.
Latexmk: Missing bbl file 'build/report.bbl' in following:
 No file report.bbl.
Latexmk: Missing input file 'report.toc' (or dependence on it) from following:
  No file report.toc.
Latexmk: Missing input file 'report.lot' (or dependence on it) from following:
  No file report.lot.
Latexmk: Getting log file 'build/report.log'
Latexmk: Examining 'build/report.fls'
Latexmk: Examining 'build/report.log'
Latexmk: References changed.
Latexmk: References changed.
Latexmk: References changed.
Latexmk: Log file says output to 'report.pdf'
Latexmk: Bibliography file(s) from .bcf file:
  bib/references.bib
Latexmk: applying rule 'biber build/report'...
Rule 'biber build/report':  Reasons for rerun
Category 'other':
  Rerun of 'biber build/report' forced or previously required:
    Reason or flag: 'Initial set up of rule'

------------
Run number 1 of rule 'biber build/report'
------------
------------
Running 'biber  "build/report.bcf"'
------------
INFO - This is Biber 2.19
INFO - Logfile is 'build/report.blg'
INFO - Reading 'build/report.bcf'
INFO - Found 0 citekeys in bib section 0
INFO - Writing 'build/report.bbl' with encoding 'UTF-8'
INFO - Output to build/report.bbl
WARN - The file 'build/report.bcf' does not contain any citations!
INFO - WARNINGS: 1
Biber warning: [97] Biber.pm:131> WARN - The file 'build/report.bcf' does not contain any citations!
Latexmk: Found biber source file(s) [build/report.bcf]
Latexmk: applying rule 'lualatex'...
Rule 'lualatex':  Reasons for rerun
Changed files or newly in use/created:
  build/appendices/appA_meters_reference.aux
  build/appendices/appB_glossary.aux
  build/chapters/ch01_poetry_landscape.aux
  build/chapters/ch02_classical_poetry.aux
  build/chapters/ch03_nabati_poetry.aux
  build/chapters/ch04_performance_forms.aux
  build/chapters/ch05_modern_forms.aux
  build/report.aux
  build/report.bbl
  build/report.lot
  build/report.out
  build/report.toc

------------
Run number 2 of rule 'lualatex'
------------
------------
Running 'lualatex  -interaction=nonstopmode -recorder -output-directory="build"  "report.tex"'
------------
This is LuaHBTeX, Version 1.17.0 (TeX Live 2023/Debian) 
 restricted system commands enabled.
(./report.tex
LaTeX2e <2023-11-01> patch level 1
L3 programming layer <2024-01-22>
 (/usr/share/texlive/texmf-dist/tex/latex/base/report.cls
Document Class: report 2023/05/17 v1.4n Standard LaTeX document class
(/usr/share/texlive/texmf-dist/tex/latex/base/size12.clo))
(/usr/share/texlive/texmf-dist/tex/latex/fontspec/fontspec.sty
(/usr/share/texlive/texmf-dist/tex/latex/l3packages/xparse/xparse.sty
(/usr/share/texlive/texmf-dist/tex/latex/l3kernel/expl3.sty
(/usr/share/texlive/texmf-dist/tex/latex/l3backend/l3backend-luatex.def)))
(/usr/share/texlive/texmf-dist/tex/latex/fontspec/fontspec-luatex.sty
(/usr/share/texlive/texmf-dist/tex/latex/base/fontenc.sty)
(/usr/share/texlive/texmf-dist/tex/latex/fontspec/fontspec.cfg)))
(/usr/share/texlive/texmf-dist/tex/latex/geometry/geometry.sty
(/usr/share/texlive/texmf-dist/tex/latex/graphics/keyval.sty)
(/usr/share/texlive/texmf-dist/tex/generic/iftex/ifvtex.sty
(/usr/share/texlive/texmf-dist/tex/generic/iftex/iftex.sty)))
(/usr/share/texlive/texmf-dist/tex/latex/amsmath/amsmath.sty
For additional information on amsmath, use the `?' option.
(/usr/share/texlive/texmf-dist/tex/latex/amsmath/amstext.sty
(/usr/share/texlive/texmf-dist/tex/latex/amsmath/amsgen.sty))
(/usr/share/texlive/texmf-dist/tex/latex/amsmath/amsbsy.sty)
(/usr/share/texlive/texmf-dist/tex/latex/amsmath/amsopn.sty))
(/usr/share/texlive/texmf-dist/tex/latex/amsfonts/amssymb.sty
(/usr/share/texlive/texmf-dist/tex/latex/amsfonts/amsfonts.sty))
(/usr/share/texlive/texmf-dist/tex/latex/graphics/graphicx.sty
(/usr/share/texlive/texmf-dist/tex/latex/graphics/graphics.sty
(/usr/share/texlive/texmf-dist/tex/latex/graphics/trig.sty)
(/usr/share/texlive/texmf-dist/tex/latex/graphics-cfg/graphics.cfg)
(/usr/share/texlive/texmf-dist/tex/latex/graphics-def/luatex.def)))
(/usr/share/texlive/texmf-dist/tex/latex/caption/caption.sty
(/usr/share/texlive/texmf-dist/tex/latex/caption/caption3.sty))
(/usr/share/texlive/texmf-dist/tex/latex/float/float.sty)
(/usr/share/texlive/texmf-dist/tex/latex/booktabs/booktabs.sty)
(/usr/share/texlive/texmf-dist/tex/latex/tools/tabularx.sty
(/usr/share/texlive/texmf-dist/tex/latex/tools/array.sty))
(/usr/share/texlive/texmf-dist/tex/latex/multirow/multirow.sty)
(/usr/share/texlive/texmf-dist/tex/latex/tools/longtable.sty)
(/usr/share/texlive/texmf-dist/tex/latex/makecell/makecell.sty)
(/usr/share/texlive/texmf-dist/tex/latex/xcolor/xcolor.sty
(/usr/share/texlive/texmf-dist/tex/latex/graphics-cfg/color.cfg)
(/usr/share/texlive/texmf-dist/tex/latex/graphics/mathcolor.ltx))
(/usr/share/texlive/texmf-dist/tex/latex/graphics/dvipsnam.def)
(/usr/share/texlive/texmf-dist/tex/latex/hyperref/hyperref.sty
(/usr/share/texlive/texmf-dist/tex/latex/kvsetkeys/kvsetkeys.sty)
(/usr/share/texlive/texmf-dist/tex/generic/kvdefinekeys/kvdefinekeys.sty)
(/usr/share/texlive/texmf-dist/tex/generic/pdfescape/pdfescape.sty
(/usr/share/texlive/texmf-dist/tex/generic/ltxcmds/ltxcmds.sty)
(/usr/share/texlive/texmf-dist/tex/generic/pdftexcmds/pdftexcmds.sty
(/usr/share/texlive/texmf-dist/tex/generic/infwarerr/infwarerr.sty)))
(/usr/share/texlive/texmf-dist/tex/latex/hycolor/hycolor.sty)
(/usr/share/texlive/texmf-dist/tex/latex/auxhook/auxhook.sty)
(/usr/share/texlive/texmf-dist/tex/latex/hyperref/nameref.sty
(/usr/share/texlive/texmf-dist/tex/latex/refcount/refcount.sty)
(/usr/share/texlive/texmf-dist/tex/generic/gettitlestring/gettitlestring.sty
(/usr/share/texlive/texmf-dist/tex/latex/kvoptions/kvoptions.sty)))
(/usr/share/texlive/texmf-dist/tex/latex/etoolbox/etoolbox.sty)
(/usr/share/texlive/texmf-dist/tex/latex/hyperref/pd1enc.def)
(/usr/share/texlive/texmf-dist/tex/generic/intcalc/intcalc.sty)
(/usr/share/texlive/texmf-dist/tex/latex/hyperref/puenc.def)
(/usr/share/texlive/texmf-dist/tex/latex/url/url.sty)
(/usr/share/texlive/texmf-dist/tex/generic/bitset/bitset.sty
(/usr/share/texlive/texmf-dist/tex/generic/bigintcalc/bigintcalc.sty))
(/usr/share/texlive/texmf-dist/tex/latex/base/atbegshi-ltx.sty))
(/usr/share/texlive/texmf-dist/tex/latex/hyperref/hluatex.def
(/usr/share/texlive/texmf-dist/tex/generic/stringenc/stringenc.sty)
(/usr/share/texlive/texmf-dist/tex/latex/base/atveryend-ltx.sty)
(/usr/share/texlive/texmf-dist/tex/latex/rerunfilecheck/rerunfilecheck.sty
(/usr/share/texlive/texmf-dist/tex/generic/uniquecounter/uniquecounter.sty)))
(/usr/share/texlive/texmf-dist/tex/latex/fancyhdr/fancyhdr.sty)
(/usr/share/texlive/texmf-dist/tex/latex/titlesec/titlesec.sty)
(/usr/share/texlive/texmf-dist/tex/latex/listings/listings.sty
(/usr/share/texlive/texmf-dist/tex/latex/listings/lstmisc.sty)
(/usr/share/texlive/texmf-dist/tex/latex/listings/listings.cfg))
(/usr/share/texlive/texmf-dist/tex/latex/pgf/frontendlayer/tikz.sty
(/usr/share/texlive/texmf-dist/tex/latex/pgf/basiclayer/pgf.sty
(/usr/share/texlive/texmf-dist/tex/latex/pgf/utilities/pgfrcs.sty
(/usr/share/texlive/texmf-dist/tex/generic/pgf/utilities/pgfutil-common.tex)
(/usr/share/texlive/texmf-dist/tex/generic/pgf/utilities/pgfutil-latex.def)
(/usr/share/texlive/texmf-dist/tex/generic/pgf/utilities/pgfrcs.code.tex
(/usr/share/texlive/texmf-dist/tex/generic/pgf/pgf.revision.tex)))
(/usr/share/texlive/texmf-dist/tex/latex/pgf/basiclayer/pgfcore.sty
(/usr/share/texlive/texmf-dist/tex/latex/pgf/systemlayer/pgfsys.sty
(/usr/share/texlive/texmf-dist/tex/generic/pgf/systemlayer/pgfsys.code.tex
(/usr/share/texlive/texmf-dist/tex/generic/pgf/utilities/pgfkeys.code.tex
(/usr/share/texlive/texmf-dist/tex/generic/pgf/utilities/pgfkeyslibraryfiltered
.code.tex)) (/usr/share/texlive/texmf-dist/tex/generic/pgf/systemlayer/pgf.cfg)
(/usr/share/texlive/texmf-dist/tex/generic/pgf/systemlayer/pgfsys-luatex.def
(/usr/share/texlive/texmf-dist/tex/generic/pgf/systemlayer/pgfsys-common-pdf.de
f)))
(/usr/share/texlive/texmf-dist/tex/generic/pgf/systemlayer/pgfsyssoftpath.code.
tex)
(/usr/share/texlive/texmf-dist/tex/generic/pgf/systemlayer/pgfsysprotocol.code.
tex))
(/usr/share/texlive/texmf-dist/tex/generic/pgf/basiclayer/pgfcore.code.tex
(/usr/share/texlive/texmf-dist/tex/generic/pgf/math/pgfmath.code.tex
(/usr/share/texlive/texmf-dist/tex/generic/pgf/math/pgfmathutil.code.tex)
(/usr/share/texlive/texmf-dist/tex/generic/pgf/math/pgfmathparser.code.tex)
(/usr/share/texlive/texmf-dist/tex/generic/pgf/math/pgfmathfunctions.code.tex)
(/usr/share/texlive/texmf-dist/tex/generic/pgf/math/pgfmathfunctions.basic.code
.tex)
(/usr/share/texlive/texmf-dist/tex/generic/pgf/math/pgfmathfunctions.trigonomet
ric.code.tex)
(/usr/share/texlive/texmf-dist/tex/generic/pgf/math/pgfmathfunctions.random.cod
e.tex)
(/usr/share/texlive/texmf-dist/tex/generic/pgf/math/pgfmathfunctions.comparison
.code.tex)
(/usr/share/texlive/texmf-dist/tex/generic/pgf/math/pgfmathfunctions.base.code.
tex)
(/usr/share/texlive/texmf-dist/tex/generic/pgf/math/pgfmathfunctions.round.code
.tex)
(/usr/share/texlive/texmf-dist/tex/generic/pgf/math/pgfmathfunctions.misc.code.
tex)
(/usr/share/texlive/texmf-dist/tex/generic/pgf/math/pgfmathfunctions.integerari
thmetics.code.tex)
(/usr/share/texlive/texmf-dist/tex/generic/pgf/math/pgfmathcalc.code.tex)
(/usr/share/texlive/texmf-dist/tex/generic/pgf/math/pgfmathfloat.code.tex))
(/usr/share/texlive/texmf-dist/tex/generic/pgf/math/pgfint.code.tex)
(/usr/share/texlive/texmf-dist/tex/generic/pgf/basiclayer/pgfcorepoints.code.te
x)
(/usr/share/texlive/texmf-dist/tex/generic/pgf/basiclayer/pgfcorepathconstruct.
code.tex)
(/usr/share/texlive/texmf-dist/tex/generic/pgf/basiclayer/pgfcorepathusage.code
.tex)
(/usr/share/texlive/texmf-dist/tex/generic/pgf/basiclayer/pgfcorescopes.code.te
x)
(/usr/share/texlive/texmf-dist/tex/generic/pgf/basiclayer/pgfcoregraphicstate.c
ode.tex)
(/usr/share/texlive/texmf-dist/tex/generic/pgf/basiclayer/pgfcoretransformation
s.code.tex)
(/usr/share/texlive/texmf-dist/tex/generic/pgf/basiclayer/pgfcorequick.code.tex
)
(/usr/share/texlive/texmf-dist/tex/generic/pgf/basiclayer/pgfcoreobjects.code.t
ex)
(/usr/share/texlive/texmf-dist/tex/generic/pgf/basiclayer/pgfcorepathprocessing
.code.tex)
(/usr/share/texlive/texmf-dist/tex/generic/pgf/basiclayer/pgfcorearrows.code.te
x)
(/usr/share/texlive/texmf-dist/tex/generic/pgf/basiclayer/pgfcoreshade.code.tex
)
(/usr/share/texlive/texmf-dist/tex/generic/pgf/basiclayer/pgfcoreimage.code.tex
)
(/usr/share/texlive/texmf-dist/tex/generic/pgf/basiclayer/pgfcoreexternal.code.
tex)
(/usr/share/texlive/texmf-dist/tex/generic/pgf/basiclayer/pgfcorelayers.code.te
x)
(/usr/share/texlive/texmf-dist/tex/generic/pgf/basiclayer/pgfcoretransparency.c
ode.tex)
(/usr/share/texlive/texmf-dist/tex/generic/pgf/basiclayer/pgfcorepatterns.code.
tex)
(/usr/share/texlive/texmf-dist/tex/generic/pgf/basiclayer/pgfcorerdf.code.tex))
)
(/usr/share/texlive/texmf-dist/tex/generic/pgf/modules/pgfmoduleshapes.code.tex
) (/usr/share/texlive/texmf-dist/tex/generic/pgf/modules/pgfmoduleplot.code.tex
)
(/usr/share/texlive/texmf-dist/tex/latex/pgf/compatibility/pgfcomp-version-0-65
.sty)
(/usr/share/texlive/texmf-dist/tex/latex/pgf/compatibility/pgfcomp-version-1-18
.sty)) (/usr/share/texlive/texmf-dist/tex/latex/pgf/utilities/pgffor.sty
(/usr/share/texlive/texmf-dist/tex/latex/pgf/utilities/pgfkeys.sty
(/usr/share/texlive/texmf-dist/tex/generic/pgf/utilities/pgfkeys.code.tex))
(/usr/share/texlive/texmf-dist/tex/latex/pgf/math/pgfmath.sty
(/usr/share/texlive/texmf-dist/tex/generic/pgf/math/pgfmath.code.tex))
(/usr/share/texlive/texmf-dist/tex/generic/pgf/utilities/pgffor.code.tex))
(/usr/share/texlive/texmf-dist/tex/generic/pgf/frontendlayer/tikz/tikz.code.tex

(/usr/share/texlive/texmf-dist/tex/generic/pgf/libraries/pgflibraryplothandlers
.code.tex)
(/usr/share/texlive/texmf-dist/tex/generic/pgf/modules/pgfmodulematrix.code.tex
)
(/usr/share/texlive/texmf-dist/tex/generic/pgf/frontendlayer/tikz/libraries/tik
zlibrarytopaths.code.tex)))
(/usr/share/texlive/texmf-dist/tex/generic/pgf/frontendlayer/tikz/libraries/tik
zlibraryshapes.code.tex
(/usr/share/texlive/texmf-dist/tex/generic/pgf/frontendlayer/tikz/libraries/tik
zlibraryshapes.geometric.code.tex
(/usr/share/texlive/texmf-dist/tex/generic/pgf/libraries/shapes/pgflibraryshape
s.geometric.code.tex))
(/usr/share/texlive/texmf-dist/tex/generic/pgf/frontendlayer/tikz/libraries/tik
zlibraryshapes.misc.code.tex
(/usr/share/texlive/texmf-dist/tex/generic/pgf/libraries/shapes/pgflibraryshape
s.misc.code.tex))
(/usr/share/texlive/texmf-dist/tex/generic/pgf/frontendlayer/tikz/libraries/tik
zlibraryshapes.symbols.code.tex
(/usr/share/texlive/texmf-dist/tex/generic/pgf/libraries/shapes/pgflibraryshape
s.symbols.code.tex))
(/usr/share/texlive/texmf-dist/tex/generic/pgf/frontendlayer/tikz/libraries/tik
zlibraryshapes.arrows.code.tex
(/usr/share/texlive/texmf-dist/tex/generic/pgf/libraries/shapes/pgflibraryshape
s.arrows.code.tex))
(/usr/share/texlive/texmf-dist/tex/generic/pgf/frontendlayer/tikz/libraries/tik
zlibraryshapes.callouts.code.tex
(/usr/share/texlive/texmf-dist/tex/generic/pgf/libraries/shapes/pgflibraryshape
s.callouts.code.tex))
(/usr/share/texlive/texmf-dist/tex/generic/pgf/frontendlayer/tikz/libraries/tik
zlibraryshapes.multipart.code.tex
(/usr/share/texlive/texmf-dist/tex/generic/pgf/libraries/shapes/pgflibraryshape
s.multipart.code.tex)))
(/usr/share/texlive/texmf-dist/tex/generic/pgf/libraries/pgflibraryarrows.meta.
code.tex)
(/usr/share/texlive/texmf-dist/tex/generic/pgf/frontendlayer/tikz/libraries/tik
zlibrarypositioning.code.tex)
(/usr/share/texlive/texmf-dist/tex/generic/pgf/frontendlayer/tikz/libraries/tik
zlibrarycalc.code.tex)
(/usr/share/texlive/texmf-dist/tex/generic/pgf/frontendlayer/tikz/libraries/tik
zlibraryfit.code.tex)
(/usr/share/texlive/texmf-dist/tex/generic/pgf/frontendlayer/tikz/libraries/tik
zlibrarybackgrounds.code.tex)
(/usr/share/texlive/texmf-dist/tex/latex/enumitem/enumitem.sty)
(/usr/share/texlive/texmf-dist/tex/latex/parskip/parskip.sty)
(/usr/share/texlive/texmf-dist/tex/latex/setspace/setspace.sty)
(/usr/share/texlive/texmf-dist/tex/latex/csquotes/csquotes.sty
(/usr/share/texlive/texmf-dist/tex/latex/csquotes/csquotes.def)
(/usr/share/texlive/texmf-dist/tex/latex/csquotes/csquotes.cfg))
(/usr/share/texlive/texmf-dist/tex/latex/mdframed/mdframed.sty
(/usr/share/texlive/texmf-dist/tex/latex/zref/zref-abspage.sty
(/usr/share/texlive/texmf-dist/tex/latex/zref/zref-base.sty
(/usr/share/texlive/texmf-dist/tex/generic/etexcmds/etexcmds.sty)))
(/usr/share/texlive/texmf-dist/tex/latex/needspace/needspace.sty)
(/usr/share/texlive/texmf-dist/tex/latex/mdframed/md-frame-0.mdf))
(/usr/share/texlive/texmf-dist/tex/latex/tcolorbox/tcolorbox.sty
(/usr/share/texlive/texmf-dist/tex/latex/tools/verbatim.sty)
(/usr/share/texlive/texmf-dist/tex/latex/environ/environ.sty
(/usr/share/texlive/texmf-dist/tex/latex/trimspaces/trimspaces.sty)))
(/usr/share/texlive/texmf-dist/tex/latex/tcolorbox/tcbraster.code.tex
Library (tcolorbox): 'tcbraster.code.tex' version '6.2.0'
) (/usr/share/texlive/texmf-dist/tex/latex/tcolorbox/tcbskins.code.tex
Library (tcolorbox): 'tcbskins.code.tex' version '6.2.0'
(/usr/share/texlive/texmf-dist/tex/latex/tikzfill/tikzfill.image.sty
(/usr/share/texlive/texmf-dist/tex/latex/tikzfill/tikzfill-common.sty)
(/usr/share/texlive/texmf-dist/tex/latex/tikzfill/tikzlibraryfill.image.code.te
x)) (/usr/share/texlive/texmf-dist/tex/latex/tcolorbox/tcbskinsjigsaw.code.tex
Library (tcolorbox): 'tcbskinsjigsaw.code.tex' version '6.2.0'
)) (/usr/share/texlive/texmf-dist/tex/latex/tcolorbox/tcbbreakable.code.tex
Library (tcolorbox): 'tcbbreakable.code.tex' version '6.2.0'
(/usr/share/texlive/texmf-dist/tex/latex/pdfcol/pdfcol.sty)
(/usr/share/texlive/texmf-dist/tex/generic/iftex/ifluatex.sty))
(/usr/share/texlive/texmf-dist/tex/latex/tcolorbox/tcbhooks.code.tex
Library (tcolorbox): 'tcbhooks.code.tex' version '6.2.0'
) (/usr/share/texlive/texmf-dist/tex/latex/tcolorbox/tcbtheorems.code.tex
Library (tcolorbox): 'tcbtheorems.code.tex' version '6.2.0'
) (/usr/share/texlive/texmf-dist/tex/latex/tcolorbox/tcbfitting.code.tex
Library (tcolorbox): 'tcbfitting.code.tex' version '6.2.0'
) (/usr/share/texlive/texmf-dist/tex/latex/tcolorbox/tcblistingsutf8.code.tex
Library (tcolorbox): 'tcblistingsutf8.code.tex' version '6.2.0'
(/usr/share/texlive/texmf-dist/tex/latex/tcolorbox/tcblistings.code.tex
Library (tcolorbox): 'tcblistings.code.tex' version '6.2.0'
(/usr/share/texlive/texmf-dist/tex/latex/tcolorbox/tcblistingscore.code.tex
Library (tcolorbox): 'tcblistingscore.code.tex' version '6.2.0'
(/usr/share/texlive/texmf-dist/tex/latex/tcolorbox/tcbprocessing.code.tex
Library (tcolorbox): 'tcbprocessing.code.tex' version '6.2.0'
)))) (/usr/share/texlive/texmf-dist/tex/latex/tcolorbox/tcbexternal.code.tex
Library (tcolorbox): 'tcbexternal.code.tex' version '6.2.0'
) (/usr/share/texlive/texmf-dist/tex/latex/tcolorbox/tcbmagazine.code.tex
Library (tcolorbox): 'tcbmagazine.code.tex' version '6.2.0'
) (/usr/share/texlive/texmf-dist/tex/latex/tcolorbox/tcbvignette.code.tex
Library (tcolorbox): 'tcbvignette.code.tex' version '6.2.0'

(/usr/share/texlive/texmf-dist/tex/generic/pgf/frontendlayer/tikz/libraries/tik
zlibraryfadings.code.tex
(/usr/share/texlive/texmf-dist/tex/generic/pgf/libraries/pgflibraryfadings.code
.tex))) (/usr/share/texlive/texmf-dist/tex/latex/tcolorbox/tcbposter.code.tex
Library (tcolorbox): 'tcbposter.code.tex' version '6.2.0'
) (/usr/share/texlive/texmf-dist/tex/latex/polyglossia/polyglossia.sty
(/usr/share/texlive/texmf-dist/tex/latex/xkeyval/xkeyval.sty
(/usr/share/texlive/texmf-dist/tex/generic/xkeyval/xkeyval.tex
(/usr/share/texlive/texmf-dist/tex/generic/xkeyval/xkvutils.tex)))
(/usr/share/texlive/texmf-dist/tex/luatex/luatexbase/luatexbase.sty
(/usr/share/texlive/texmf-dist/tex/luatex/ctablestack/ctablestack.sty))
(/usr/share/texlive/texmf-dist/tex/latex/polyglossia/gloss-latex.lde))
(/usr/share/texlive/texmf-dist/tex/latex/polyglossia/gloss-english.ldf)
(/usr/share/texlive/texmf-dist/tex/latex/polyglossia/gloss-arabic.ldf
(/usr/share/texlive/texmf-dist/tex/lualatex/luabidi/luabidi.sty
(/usr/share/texlive/texmf-dist/tex/lualatex/luabidi/luabidi-footnotes.def))
(/usr/share/texlive/texmf-dist/tex/latex/polyglossia/arabicnumbers.sty)
(/usr/share/texlive/texmf-dist/tex/latex/polyglossia/hijrical.sty
(/usr/share/texlive/texmf-dist/tex/latex/tools/calc.sty)
(/usr/share/texlive/texmf-dist/tex/latex/polyglossia/cal-util.def)))
(/usr/share/texlive/texmf-dist/tex/latex/biblatex/biblatex.sty
(/usr/share/texlive/texmf-dist/tex/latex/logreq/logreq.sty
(/usr/share/texlive/texmf-dist/tex/latex/logreq/logreq.def))
(/usr/share/texlive/texmf-dist/tex/latex/base/ifthen.sty)
(/usr/share/texlive/texmf-dist/tex/latex/biblatex/blx-dm.def)
(/usr/share/texlive/texmf-dist/tex/latex/biblatex/blx-unicode.def)
(/usr/share/texlive/texmf-dist/tex/latex/biblatex/blx-compat.def)
(/usr/share/texlive/texmf-dist/tex/latex/biblatex/biblatex.def)
(/usr/share/texlive/texmf-dist/tex/latex/biblatex/bbx/numeric-comp.bbx
(/usr/share/texlive/texmf-dist/tex/latex/biblatex/bbx/numeric.bbx
(/usr/share/texlive/texmf-dist/tex/latex/biblatex/bbx/standard.bbx)))
(/usr/share/texlive/texmf-dist/tex/latex/biblatex/cbx/numeric-comp.cbx)
(/usr/share/texlive/texmf-dist/tex/latex/biblatex/biblatex.cfg)
(/usr/share/texlive/texmf-dist/tex/latex/biblatex/blx-case-expl3.sty))
(./build/report.aux (./build/chapters/ch01_poetry_landscape.aux)
(./build/chapters/ch02_classical_poetry.aux)
(./build/chapters/ch03_nabati_poetry.aux)
(./build/chapters/ch04_performance_forms.aux)
(./build/chapters/ch05_modern_forms.aux)
(./build/appendices/appA_meters_reference.aux)
(./build/appendices/appB_glossary.aux))
(/usr/share/texlive/texmf-dist/tex/latex/base/ts1cmr.fd)
*geometry* driver: auto-detecting
*geometry* detected driver: luatex
(/usr/share/texlive/texmf-dist/tex/context/base/mkii/supp-pdf.mkii
[Loading MPS to PDF converter (version 2006.09.02).]
) (/usr/share/texlive/texmf-dist/tex/latex/epstopdf-pkg/epstopdf-base.sty
(/usr/share/texlive/texmf-dist/tex/latex/latexconfig/epstopdf-sys.cfg))
(/usr/share/texlive/texmf-dist/tex/latex/caption/ltcaption.sty)
(./build/report.out) (./build/report.out)

Package biblatex Warning: Language 'arabic' not supported.
(biblatex)                Using dummy definitions on input line 227.

(/usr/share/texlive/texmf-dist/tex/latex/biblatex/lbx/american.lbx
(/usr/share/texlive/texmf-dist/tex/latex/biblatex/lbx/english.lbx)
(/usr/share/texlive/texmf-dist/tex/latex/biblatex/lbx/english.lbx))
(./build/report.bbl)
Underfull \vbox (badness 10000) has occurred while \output is active [1{/var/li
b/texmf/fonts/map/pdftex/updmap/pdftex.map}]

Package fancyhdr Warning: \headheight is too small (14.0pt): 
(fancyhdr)                Make it at least 24.01996pt, for example:
(fancyhdr)                \setlength{\headheight}{24.01996pt}.
(fancyhdr)                You might also make \topmargin smaller to compensate:

(fancyhdr)                \addtolength{\topmargin}{-10.01996pt}.

[2] (./build/report.toc
(/usr/share/texlive/texmf-dist/tex/latex/amsfonts/umsa.fd)
(/usr/share/texlive/texmf-dist/tex/latex/amsfonts/umsb.fd) [1]

Package fancyhdr Warning: \headheight is too small (14.0pt): 
(fancyhdr)                Make it at least 24.01996pt, for example:
(fancyhdr)                \setlength{\headheight}{24.01996pt}.
(fancyhdr)                You might also make \topmargin smaller to compensate:

(fancyhdr)                \addtolength{\topmargin}{-10.01996pt}.

[2]

Package fancyhdr Warning: \headheight is too small (14.0pt): 
(fancyhdr)                Make it at least 24.01996pt, for example:
(fancyhdr)                \setlength{\headheight}{24.01996pt}.
(fancyhdr)                You might also make \topmargin smaller to compensate:

(fancyhdr)                \addtolength{\topmargin}{-10.01996pt}.

[3])

Package fancyhdr Warning: \headheight is too small (14.0pt): 
(fancyhdr)                Make it at least 24.01996pt, for example:
(fancyhdr)                \setlength{\headheight}{24.01996pt}.
(fancyhdr)                You might also make \topmargin smaller to compensate:

(fancyhdr)                \addtolength{\topmargin}{-10.01996pt}.

[4] (./build/report.lot [5])

Package fancyhdr Warning: \headheight is too small (14.0pt): 
(fancyhdr)                Make it at least 24.01996pt, for example:
(fancyhdr)                \setlength{\headheight}{24.01996pt}.
(fancyhdr)                You might also make \topmargin smaller to compensate:

(fancyhdr)                \addtolength{\topmargin}{-10.01996pt}.

[6] (./chapters/ch01_poetry_landscape.tex
Chapter 1.

Overfull \hbox (19.79901pt too wide) in paragraph at lines 23--24
\TU/Amiri(0)/m/n/12 الجاهلي[][]\TU/TeXGyrePagella(0)/m/n/12 ), the great
 Ab-basid mas-ters (al-Mutanabbi, Abu Tam-mam, al-Buhturi),

warning  (pdf backend): ignoring duplicate destination with the name 'page.1'
[1
Missing character: There is no ا (U+0627) in font TeXGyrePagella:mode=node;scr
ipt=latn;language=dflt;+tlig;!
Missing character: There is no ل (U+0644) in font TeXGyrePagella:mode=node;scr
ipt=latn;language=dflt;+tlig;!
Missing character: There is no ب (U+0628) in font TeXGyrePagella:mode=node;scr
ipt=latn;language=dflt;+tlig;!
Missing character: There is no ح (U+062D) in font TeXGyrePagella:mode=node;scr
ipt=latn;language=dflt;+tlig;!
Missing character: There is no و (U+0648) in font TeXGyrePagella:mode=node;scr
ipt=latn;language=dflt;+tlig;!
Missing character: There is no ر (U+0631) in font TeXGyrePagella:mode=node;scr
ipt=latn;language=dflt;+tlig;!
Missing character: There is no ا (U+0627) in font TeXGyrePagella:mode=node;scr
ipt=latn;language=dflt;+tlig;!
Missing character: There is no ل (U+0644) in font TeXGyrePagella:mode=node;scr
ipt=latn;language=dflt;+tlig;!
Missing character: There is no خ (U+062E) in font TeXGyrePagella:mode=node;scr
ipt=latn;language=dflt;+tlig;!
Missing character: There is no ل (U+0644) in font TeXGyrePagella:mode=node;scr
ipt=latn;language=dflt;+tlig;!
Missing character: There is no ي (U+064A) in font TeXGyrePagella:mode=node;scr
ipt=latn;language=dflt;+tlig;!
Missing character: There is no ل (U+0644) in font TeXGyrePagella:mode=node;scr
ipt=latn;language=dflt;+tlig;!
Missing character: There is no ي (U+064A) in font TeXGyrePagella:mode=node;scr
ipt=latn;language=dflt;+tlig;!
Missing character: There is no ة (U+0629) in font TeXGyrePagella:mode=node;scr
ipt=latn;language=dflt;+tlig;!
Missing character: There is no ا (U+0627) in font TeXGyrePagella:mode=node;scr
ipt=latn;language=dflt;+tlig;!
Missing character: There is no ل (U+0644) in font TeXGyrePagella:mode=node;scr
ipt=latn;language=dflt;+tlig;!
Missing character: There is no س (U+0633) in font TeXGyrePagella:mode=node;scr
ipt=latn;language=dflt;+tlig;!
Missing character: There is no ت (U+062A) in font TeXGyrePagella:mode=node;scr
ipt=latn;language=dflt;+tlig;!
Missing character: There is no ة (U+0629) in font TeXGyrePagella:mode=node;scr
ipt=latn;language=dflt;+tlig;!
Missing character: There is no ع (U+0639) in font TeXGyrePagella:mode=node;scr
ipt=latn;language=dflt;+tlig;!
Missing character: There is no ش (U+0634) in font TeXGyrePagella:mode=node;scr
ipt=latn;language=dflt;+tlig;!
Missing character: There is no ر (U+0631) in font TeXGyrePagella:mode=node;scr
ipt=latn;language=dflt;+tlig;!
]
Overfull \hbox (5.42062pt too wide) in paragraph at lines 32--33
[]\TU/TeXGyrePagella(0)/m/n/12 Be-yond these three, sev-eral spe-cialised \TU/T
eXGyrePagella(0)/b/n/12 per-for-mance po-etry forms \TU/TeXGyrePagella(0)/m/n/1
2 ([]\TU/Amiri(0)/m/n/12 أشكال الشعر الأدائي[][]\TU/TeXGyrePag
ella(0)/m/n/12 )


Package fancyhdr Warning: \headheight is too small (14.0pt): 
(fancyhdr)                Make it at least 24.01996pt, for example:
(fancyhdr)                \setlength{\headheight}{24.01996pt}.
(fancyhdr)                You might also make \topmargin smaller to compensate:

(fancyhdr)                \addtolength{\topmargin}{-10.01996pt}.


warning  (pdf backend): ignoring duplicate destination with the name 'page.2'
[2
Missing character: There is no ب (U+0628) in font TeXGyrePagella:mode=node;scr
ipt=latn;language=dflt;+tlig;!
Missing character: There is no ح (U+062D) in font TeXGyrePagella:mode=node;scr
ipt=latn;language=dflt;+tlig;!
Missing character: There is no و (U+0648) in font TeXGyrePagella:mode=node;scr
ipt=latn;language=dflt;+tlig;!
Missing character: There is no ر (U+0631) in font TeXGyrePagella:mode=node;scr
ipt=latn;language=dflt;+tlig;!
Missing character: There is no ن (U+0646) in font TeXGyrePagella:mode=node;scr
ipt=latn;language=dflt;+tlig;!
Missing character: There is no ب (U+0628) in font TeXGyrePagella:mode=node;scr
ipt=latn;language=dflt;+tlig;!
Missing character: There is no ط (U+0637) in font TeXGyrePagella:mode=node;scr
ipt=latn;language=dflt;+tlig;!
Missing character: There is no ي (U+064A) in font TeXGyrePagella:mode=node;scr
ipt=latn;language=dflt;+tlig;!
Missing character: There is no ة (U+0629) in font TeXGyrePagella:mode=node;scr
ipt=latn;language=dflt;+tlig;!
]
Underfull \hbox (badness 10000) in paragraph at lines 76--76
[]|\TU/TeXGyrePagella(0)/b/n/12 Dom-

Underfull \hbox (badness 10000) in paragraph at lines 76--76
\TU/TeXGyrePagella(0)/b/n/12 i-nant

Overfull \hbox (11.94241pt too wide) in paragraph at lines 76--76
\TU/TeXGyrePagella(0)/b/n/12 Form(s)| 

Overfull \hbox (4.6584pt too wide) in paragraph at lines 76--76
[]|\TU/TeXGyrePagella(0)/m/n/12 Nabati,

Overfull \hbox (23.4144pt too wide) in paragraph at lines 76--76
[]|\TU/TeXGyrePagella(0)/m/n/12 Muhawara

Underfull \hbox (badness 10000) in paragraph at lines 76--76
\TU/TeXGyrePagella(0)/m/n/12 /

Overfull \hbox (4.6584pt too wide) in paragraph at lines 76--76
[]|\TU/TeXGyrePagella(0)/m/n/12 Nabati,

Overfull \hbox (23.4144pt too wide) in paragraph at lines 76--76
\TU/TeXGyrePagella(0)/m/n/12 Muhawara| 

Underfull \hbox (badness 10000) in paragraph at lines 76--76
[]|\TU/TeXGyrePagella(0)/m/n/12 Al-

Underfull \hbox (badness 10000) in paragraph at lines 76--76
\TU/TeXGyrePagella(0)/m/n/12 al-

Overfull \hbox (19.39438pt too wide) in paragraph at lines 76--76
\TU/TeXGyrePagella(0)/m/n/12 Janubiyya| 

Underfull \hbox (badness 10000) in paragraph at lines 76--76
[]|\TU/TeXGyrePagella(0)/m/n/12 Za-jal

Overfull \hbox (20.8104pt too wide) in paragraph at lines 76--76
\TU/TeXGyrePagella(0)/m/n/12 (Lebanese

Underfull \hbox (badness 10000) in paragraph at lines 76--76
[]|\TU/TeXGyrePagella(0)/m/n/12 Za-jal

Overfull \hbox (3.4104pt too wide) in paragraph at lines 76--76
\TU/TeXGyrePagella(0)/m/n/12 (Egyp-

Underfull \hbox (badness 10000) in paragraph at lines 76--76
\TU/TeXGyrePagella(0)/m/n/12 tian

Overfull \hbox (11.37839pt too wide) in paragraph at lines 76--76
\TU/TeXGyrePagella(0)/m/n/12 mawwal| 

Underfull \hbox (badness 10000) in paragraph at lines 76--76
[]|\TU/TeXGyrePagella(0)/m/n/12 Hu-

Underfull \hbox (badness 10000) in paragraph at lines 76--76
\TU/TeXGyrePagella(0)/m/n/12 maini

Underfull \hbox (badness 10000) in paragraph at lines 76--76
\TU/TeXGyrePagella(0)/m/n/12 po-

Underfull \hbox (badness 10000) in paragraph at lines 76--76
\TU/TeXGyrePagella(0)/m/n/12 etry,

Overfull \hbox (1.6584pt too wide) in paragraph at lines 76--76
\TU/TeXGyrePagella(0)/m/n/12 Nabati

Underfull \hbox (badness 10000) in paragraph at lines 76--76
\TU/TeXGyrePagella(0)/m/n/12 vari-

Underfull \hbox (badness 10000) in paragraph at lines 76--76
[]|\TU/TeXGyrePagella(0)/m/n/12 Za-jal

Overfull \hbox (23.1024pt too wide) in paragraph at lines 76--76
\TU/TeXGyrePagella(0)/m/n/12 (Maghrebi

Underfull \hbox (badness 10000) in paragraph at lines 76--76
\TU/TeXGyrePagella(0)/m/n/12 mal-

Underfull \vbox (badness 10000) has occurred while \output is active

Package fancyhdr Warning: \headheight is too small (14.0pt): 
(fancyhdr)                Make it at least 24.01996pt, for example:
(fancyhdr)                \setlength{\headheight}{24.01996pt}.
(fancyhdr)                You might also make \topmargin smaller to compensate:

(fancyhdr)                \addtolength{\topmargin}{-10.01996pt}.

[3]

Package fancyhdr Warning: \headheight is too small (14.0pt): 
(fancyhdr)                Make it at least 24.01996pt, for example:
(fancyhdr)                \setlength{\headheight}{24.01996pt}.
(fancyhdr)                You might also make \topmargin smaller to compensate:

(fancyhdr)                \addtolength{\topmargin}{-10.01996pt}.

[4]
Overfull \hbox (4.96513pt too wide) in paragraph at lines 98--99
\TU/TeXGyrePagella(0)/m/n/12 eval-u-a-tion cri-te-ria; the re-la-tion-ship be-t
ween mod-ern and tra-di-tional forms. 


Package fancyhdr Warning: \headheight is too small (14.0pt): 
(fancyhdr)                Make it at least 24.01996pt, for example:
(fancyhdr)                \setlength{\headheight}{24.01996pt}.
(fancyhdr)                You might also make \topmargin smaller to compensate:

(fancyhdr)                \addtolength{\topmargin}{-10.01996pt}.

[5
Missing character: There is no م (U+0645) in font TeXGyrePagella:mode=node;scr
ipt=latn;language=dflt;+tlig;!
Missing character: There is no ع (U+0639) in font TeXGyrePagella:mode=node;scr
ipt=latn;language=dflt;+tlig;!
Missing character: There is no ا (U+0627) in font TeXGyrePagella:mode=node;scr
ipt=latn;language=dflt;+tlig;!
Missing character: There is no ر (U+0631) in font TeXGyrePagella:mode=node;scr
ipt=latn;language=dflt;+tlig;!
Missing character: There is no ض (U+0636) in font TeXGyrePagella:mode=node;scr
ipt=latn;language=dflt;+tlig;!
Missing character: There is no ة (U+0629) in font TeXGyrePagella:mode=node;scr
ipt=latn;language=dflt;+tlig;!
Missing character: There is no ، (U+060C) in font TeXGyrePagella:mode=node;scr
ipt=latn;language=dflt;+tlig;!
Missing character: There is no م (U+0645) in font TeXGyrePagella:mode=node;scr
ipt=latn;language=dflt;+tlig;!
Missing character: There is no س (U+0633) in font TeXGyrePagella:mode=node;scr
ipt=latn;language=dflt;+tlig;!
Missing character: There is no ا (U+0627) in font TeXGyrePagella:mode=node;scr
ipt=latn;language=dflt;+tlig;!
Missing character: There is no ج (U+062C) in font TeXGyrePagella:mode=node;scr
ipt=latn;language=dflt;+tlig;!
Missing character: There is no ل (U+0644) in font TeXGyrePagella:mode=node;scr
ipt=latn;language=dflt;+tlig;!
Missing character: There is no ة (U+0629) in font TeXGyrePagella:mode=node;scr
ipt=latn;language=dflt;+tlig;!
Missing character: There is no ، (U+060C) in font TeXGyrePagella:mode=node;scr
ipt=latn;language=dflt;+tlig;!
Missing character: There is no ت (U+062A) in font TeXGyrePagella:mode=node;scr
ipt=latn;language=dflt;+tlig;!
Missing character: There is no ض (U+0636) in font TeXGyrePagella:mode=node;scr
ipt=latn;language=dflt;+tlig;!
Missing character: There is no م (U+0645) in font TeXGyrePagella:mode=node;scr
ipt=latn;language=dflt;+tlig;!
Missing character: There is no ي (U+064A) in font TeXGyrePagella:mode=node;scr
ipt=latn;language=dflt;+tlig;!
Missing character: There is no ن (U+0646) in font TeXGyrePagella:mode=node;scr
ipt=latn;language=dflt;+tlig;!
Missing character: There is no ، (U+060C) in font TeXGyrePagella:mode=node;scr
ipt=latn;language=dflt;+tlig;!
Missing character: There is no ت (U+062A) in font TeXGyrePagella:mode=node;scr
ipt=latn;language=dflt;+tlig;!
Missing character: There is no ش (U+0634) in font TeXGyrePagella:mode=node;scr
ipt=latn;language=dflt;+tlig;!
Missing character: There is no ط (U+0637) in font TeXGyrePagella:mode=node;scr
ipt=latn;language=dflt;+tlig;!
Missing character: There is no ي (U+064A) in font TeXGyrePagella:mode=node;scr
ipt=latn;language=dflt;+tlig;!
Missing character: There is no ر (U+0631) in font TeXGyrePagella:mode=node;scr
ipt=latn;language=dflt;+tlig;!
Missing character: There is no ، (U+060C) in font TeXGyrePagella:mode=node;scr
ipt=latn;language=dflt;+tlig;!
Missing character: There is no ت (U+062A) in font TeXGyrePagella:mode=node;scr
ipt=latn;language=dflt;+tlig;!
Missing character: There is no خ (U+062E) in font TeXGyrePagella:mode=node;scr
ipt=latn;language=dflt;+tlig;!
Missing character: There is no م (U+0645) in font TeXGyrePagella:mode=node;scr
ipt=latn;language=dflt;+tlig;!
Missing character: There is no ي (U+064A) in font TeXGyrePagella:mode=node;scr
ipt=latn;language=dflt;+tlig;!
Missing character: There is no س (U+0633) in font TeXGyrePagella:mode=node;scr
ipt=latn;language=dflt;+tlig;!
Missing character: There is no ، (U+060C) in font TeXGyrePagella:mode=node;scr
ipt=latn;language=dflt;+tlig;!
Missing character: There is no إ (U+0625) in font TeXGyrePagella:mode=node;scr
ipt=latn;language=dflt;+tlig;!
Missing character: There is no ك (U+0643) in font TeXGyrePagella:mode=node;scr
ipt=latn;language=dflt;+tlig;!
Missing character: There is no م (U+0645) in font TeXGyrePagella:mode=node;scr
ipt=latn;language=dflt;+tlig;!
Missing character: There is no ا (U+0627) in font TeXGyrePagella:mode=node;scr
ipt=latn;language=dflt;+tlig;!
Missing character: There is no ل (U+0644) in font TeXGyrePagella:mode=node;scr
ipt=latn;language=dflt;+tlig;!
Missing character: There is no ، (U+060C) in font TeXGyrePagella:mode=node;scr
ipt=latn;language=dflt;+tlig;!
Missing character: There is no ت (U+062A) in font TeXGyrePagella:mode=node;scr
ipt=latn;language=dflt;+tlig;!
Missing character: There is no ص (U+0635) in font TeXGyrePagella:mode=node;scr
ipt=latn;language=dflt;+tlig;!
Missing character: There is no و (U+0648) in font TeXGyrePagella:mode=node;scr
ipt=latn;language=dflt;+tlig;!
Missing character: There is no ي (U+064A) in font TeXGyrePagella:mode=node;scr
ipt=latn;language=dflt;+tlig;!
Missing character: There is no ر (U+0631) in font TeXGyrePagella:mode=node;scr
ipt=latn;language=dflt;+tlig;!
Missing character: There is no أ (U+0623) in font TeXGyrePagella:mode=node;scr
ipt=latn;language=dflt;+tlig;!
Missing character: There is no غ (U+063A) in font TeXGyrePagella:mode=node;scr
ipt=latn;language=dflt;+tlig;!
Missing character: There is no ر (U+0631) in font TeXGyrePagella:mode=node;scr
ipt=latn;language=dflt;+tlig;!
Missing character: There is no ا (U+0627) in font TeXGyrePagella:mode=node;scr
ipt=latn;language=dflt;+tlig;!
Missing character: There is no ض (U+0636) in font TeXGyrePagella:mode=node;scr
ipt=latn;language=dflt;+tlig;!
]

Package fancyhdr Warning: \headheight is too small (14.0pt): 
(fancyhdr)                Make it at least 24.01996pt, for example:
(fancyhdr)                \setlength{\headheight}{24.01996pt}.
(fancyhdr)                You might also make \topmargin smaller to compensate:

(fancyhdr)                \addtolength{\topmargin}{-10.01996pt}.

[6])

Package fancyhdr Warning: \headheight is too small (14.0pt): 
(fancyhdr)                Make it at least 24.01996pt, for example:
(fancyhdr)                \setlength{\headheight}{24.01996pt}.
(fancyhdr)                You might also make \topmargin smaller to compensate:

(fancyhdr)                \addtolength{\topmargin}{-10.01996pt}.

[7] (./chapters/ch02_classical_poetry.tex
Chapter 2.


Package hyperref Warning: Token not allowed in a PDF string (Unicode):
(hyperref)                removing `\Arabic' on input line 10.


Overfull \hbox (3.95145pt too wide) in paragraph at lines 37--38
\TU/TeXGyrePagella(0)/b/n/12 Bi-nary no-ta-tion con-ven-tion: \TU/TeXGyrePagell
a(0)/m/n/12 Through-out this doc-u-ment, \TU/TeXGyrePagella(0)/b/n/12 1 \TU/TeX
GyrePagella(0)/m/n/12 de-notes a mov-ing ([]\TU/Amiri(0)/m/n/12 متحرك[][]\
TU/TeXGyrePagella(0)/m/n/12 )
 [8]
Overfull \hbox (10.89294pt too wide) in paragraph at lines 62--62
[]|\TU/TeXGyrePagella(0)/b/n/12 Com-

Underfull \hbox (badness 10000) in paragraph at lines 62--62
\TU/TeXGyrePagella(0)/b/n/12 po-

Overfull \hbox (10.88095pt too wide) in paragraph at lines 62--62
\TU/TeXGyrePagella(0)/b/n/12 nents| 

Overfull \hbox (15.23695pt too wide) in paragraph at lines 62--62
[]|\TU/TeXGyrePagella(0)/m/n/12 Watad

Overfull \hbox (1.48494pt too wide) in paragraph at lines 62--62
\TU/TeXGyrePagella(0)/m/n/12 ma-

Overfull \hbox (4.62892pt too wide) in paragraph at lines 62--62
\TU/TeXGyrePagella(0)/m/n/12 jmu’

Underfull \hbox (badness 10000) in paragraph at lines 62--62
\TU/TeXGyrePagella(0)/m/n/12 +

Overfull \hbox (11.25294pt too wide) in paragraph at lines 62--62
\TU/TeXGyrePagella(0)/m/n/12 sabab

Overfull \hbox (11.80493pt too wide) in paragraph at lines 62--62
\TU/TeXGyrePagella(0)/m/n/12 khafif| 

Overfull \hbox (15.23695pt too wide) in paragraph at lines 62--62
[]|\TU/TeXGyrePagella(0)/m/n/12 Watad

Overfull \hbox (1.48494pt too wide) in paragraph at lines 62--62
\TU/TeXGyrePagella(0)/m/n/12 ma-

Overfull \hbox (4.62892pt too wide) in paragraph at lines 62--62
\TU/TeXGyrePagella(0)/m/n/12 jmu’

Underfull \hbox (badness 10000) in paragraph at lines 62--62
\TU/TeXGyrePagella(0)/m/n/12 +

Overfull \hbox (11.25294pt too wide) in paragraph at lines 62--62
\TU/TeXGyrePagella(0)/m/n/12 sabab

Overfull \hbox (11.62494pt too wide) in paragraph at lines 62--62
\TU/TeXGyrePagella(0)/m/n/12 thaqil

Underfull \hbox (badness 10000) in paragraph at lines 62--62
\TU/TeXGyrePagella(0)/m/n/12 +

Overfull \hbox (11.25294pt too wide) in paragraph at lines 62--62
\TU/TeXGyrePagella(0)/m/n/12 sabab

Overfull \hbox (11.80493pt too wide) in paragraph at lines 62--62
\TU/TeXGyrePagella(0)/m/n/12 khafif| 

Overfull \hbox (15.23695pt too wide) in paragraph at lines 62--62
[]|\TU/TeXGyrePagella(0)/m/n/12 Watad

Overfull \hbox (1.48494pt too wide) in paragraph at lines 62--62
\TU/TeXGyrePagella(0)/m/n/12 ma-

Overfull \hbox (4.62892pt too wide) in paragraph at lines 62--62
\TU/TeXGyrePagella(0)/m/n/12 jmu’

Underfull \hbox (badness 10000) in paragraph at lines 62--62
\TU/TeXGyrePagella(0)/m/n/12 +

Overfull \hbox (8.79295pt too wide) in paragraph at lines 62--62
\TU/TeXGyrePagella(0)/m/n/12 fasila

Overfull \hbox (17.43294pt too wide) in paragraph at lines 62--62
\TU/TeXGyrePagella(0)/m/n/12 sughra

Underfull \hbox (badness 10000) in paragraph at lines 62--62
\TU/TeXGyrePagella(0)/m/n/12 +

Overfull \hbox (12.46495pt too wide) in paragraph at lines 62--62
[]|\TU/TeXGyrePagella(0)/m/n/12 Sabab

Overfull \hbox (11.80493pt too wide) in paragraph at lines 62--62
\TU/TeXGyrePagella(0)/m/n/12 khafif

Underfull \hbox (badness 10000) in paragraph at lines 62--62
\TU/TeXGyrePagella(0)/m/n/12 +

Overfull \hbox (13.78494pt too wide) in paragraph at lines 62--62
\TU/TeXGyrePagella(0)/m/n/12 watad

Overfull \hbox (1.48494pt too wide) in paragraph at lines 62--62
\TU/TeXGyrePagella(0)/m/n/12 ma-

Overfull \hbox (4.62892pt too wide) in paragraph at lines 62--62
\TU/TeXGyrePagella(0)/m/n/12 jmu’| 

Overfull \hbox (12.46495pt too wide) in paragraph at lines 62--62
[]|\TU/TeXGyrePagella(0)/m/n/12 Sabab

Overfull \hbox (11.80493pt too wide) in paragraph at lines 62--62
\TU/TeXGyrePagella(0)/m/n/12 khafif

Underfull \hbox (badness 10000) in paragraph at lines 62--62
\TU/TeXGyrePagella(0)/m/n/12 +

Overfull \hbox (13.78494pt too wide) in paragraph at lines 62--62
\TU/TeXGyrePagella(0)/m/n/12 watad

Overfull \hbox (1.48494pt too wide) in paragraph at lines 62--62
\TU/TeXGyrePagella(0)/m/n/12 ma-

Overfull \hbox (4.62892pt too wide) in paragraph at lines 62--62
\TU/TeXGyrePagella(0)/m/n/12 jmu’

Underfull \hbox (badness 10000) in paragraph at lines 62--62
\TU/TeXGyrePagella(0)/m/n/12 +

Overfull \hbox (11.25294pt too wide) in paragraph at lines 62--62
\TU/TeXGyrePagella(0)/m/n/12 sabab

Overfull \hbox (11.80493pt too wide) in paragraph at lines 62--62
\TU/TeXGyrePagella(0)/m/n/12 khafif| 

Overfull \hbox (12.46495pt too wide) in paragraph at lines 62--62
[]|\TU/TeXGyrePagella(0)/m/n/12 Sabab

Overfull \hbox (11.80493pt too wide) in paragraph at lines 62--62
\TU/TeXGyrePagella(0)/m/n/12 khafif

Underfull \hbox (badness 10000) in paragraph at lines 62--62
\TU/TeXGyrePagella(0)/m/n/12 +

Overfull \hbox (11.25294pt too wide) in paragraph at lines 62--62
\TU/TeXGyrePagella(0)/m/n/12 sabab

Overfull \hbox (11.80493pt too wide) in paragraph at lines 62--62
\TU/TeXGyrePagella(0)/m/n/12 khafif

Underfull \hbox (badness 10000) in paragraph at lines 62--62
\TU/TeXGyrePagella(0)/m/n/12 +

Overfull \hbox (13.78494pt too wide) in paragraph at lines 62--62
\TU/TeXGyrePagella(0)/m/n/12 watad

Overfull \hbox (1.48494pt too wide) in paragraph at lines 62--62
\TU/TeXGyrePagella(0)/m/n/12 ma-

Overfull \hbox (4.62892pt too wide) in paragraph at lines 62--62
\TU/TeXGyrePagella(0)/m/n/12 jmu’| 

Overfull \hbox (11.10895pt too wide) in paragraph at lines 62--62
[]|\TU/TeXGyrePagella(0)/m/n/12 Fasila

Overfull \hbox (17.43294pt too wide) in paragraph at lines 62--62
\TU/TeXGyrePagella(0)/m/n/12 sughra

Underfull \hbox (badness 10000) in paragraph at lines 62--62
\TU/TeXGyrePagella(0)/m/n/12 +

Overfull \hbox (13.78494pt too wide) in paragraph at lines 62--62
\TU/TeXGyrePagella(0)/m/n/12 watad

Overfull \hbox (1.48494pt too wide) in paragraph at lines 62--62
\TU/TeXGyrePagella(0)/m/n/12 ma-

Overfull \hbox (4.62892pt too wide) in paragraph at lines 62--62
\TU/TeXGyrePagella(0)/m/n/12 jmu’| 

Overfull \hbox (15.23695pt too wide) in paragraph at lines 62--62
[]|\TU/TeXGyrePagella(0)/m/n/12 Watad

Overfull \hbox (20.30093pt too wide) in paragraph at lines 62--62
\TU/TeXGyrePagella(0)/m/n/12 mafruq

Underfull \hbox (badness 10000) in paragraph at lines 62--62
\TU/TeXGyrePagella(0)/m/n/12 +

Overfull \hbox (11.25294pt too wide) in paragraph at lines 62--62
\TU/TeXGyrePagella(0)/m/n/12 sabab

Overfull \hbox (11.80493pt too wide) in paragraph at lines 62--62
\TU/TeXGyrePagella(0)/m/n/12 khafif| 

Underfull \vbox (badness 10000) has occurred while \output is active

Package fancyhdr Warning: \headheight is too small (14.0pt): 
(fancyhdr)                Make it at least 24.10802pt, for example:
(fancyhdr)                \setlength{\headheight}{24.10802pt}.
(fancyhdr)                You might also make \topmargin smaller to compensate:

(fancyhdr)                \addtolength{\topmargin}{-10.10802pt}.

[9]
Overfull \vbox (298.35902pt too high) has occurred while \output is active

Package fancyhdr Warning: \headheight is too small (14.0pt): 
(fancyhdr)                Make it at least 24.01996pt, for example:
(fancyhdr)                \setlength{\headheight}{24.01996pt}.
(fancyhdr)                You might also make \topmargin smaller to compensate:

(fancyhdr)                \addtolength{\topmargin}{-10.01996pt}.

[10]
Overfull \hbox (7.55902pt too wide) in paragraph at lines 68--69
\TU/TeXGyrePagella(0)/m/n/12 Al-Khalil or-gan-ised the me-ters into five ab-str
act \TU/TeXGyrePagella(0)/b/n/12 prosodic cir-cles \TU/TeXGyrePagella(0)/m/n/12
 ([]\TU/Amiri(0)/m/n/12 الدوائر العروضية الخمس[][]\TU/TeXGy
rePagella(0)/m/n/12 ).

Underfull \hbox (badness 10000) in paragraph at lines 85--85
\TU/TeXGyrePagella(0)/m/n/12 Mud-hare, Muq-tad-heb,


Package hyperref Warning: Token not allowed in a PDF string (Unicode):
(hyperref)                removing `\Arabic' on input line 95.


Underfull \vbox (badness 10000) has occurred while \output is active

Package fancyhdr Warning: \headheight is too small (14.0pt): 
(fancyhdr)                Make it at least 24.01996pt, for example:
(fancyhdr)                \setlength{\headheight}{24.01996pt}.
(fancyhdr)                You might also make \topmargin smaller to compensate:

(fancyhdr)                \addtolength{\topmargin}{-10.01996pt}.

[11]

Package hyperref Warning: Token not allowed in a PDF string (Unicode):
(hyperref)                removing `\Arabic' on input line 123.


Underfull \vbox (badness 10000) has occurred while \output is active

Package fancyhdr Warning: \headheight is too small (14.0pt): 
(fancyhdr)                Make it at least 24.01996pt, for example:
(fancyhdr)                \setlength{\headheight}{24.01996pt}.
(fancyhdr)                You might also make \topmargin smaller to compensate:

(fancyhdr)                \addtolength{\topmargin}{-10.01996pt}.

[12
Missing character: There is no ع (U+0639) in font TeXGyrePagella/B:mode=node;s
cript=latn;language=dflt;+tlig;!
Missing character: There is no ر (U+0631) in font TeXGyrePagella/B:mode=node;s
cript=latn;language=dflt;+tlig;!
Missing character: There is no و (U+0648) in font TeXGyrePagella/B:mode=node;s
cript=latn;language=dflt;+tlig;!
Missing character: There is no ض (U+0636) in font TeXGyrePagella/B:mode=node;s
cript=latn;language=dflt;+tlig;!
Missing character: There is no ض (U+0636) in font TeXGyrePagella/B:mode=node;s
cript=latn;language=dflt;+tlig;!
Missing character: There is no ر (U+0631) in font TeXGyrePagella/B:mode=node;s
cript=latn;language=dflt;+tlig;!
Missing character: There is no ب (U+0628) in font TeXGyrePagella/B:mode=node;s
cript=latn;language=dflt;+tlig;!
]

Package hyperref Warning: Token not allowed in a PDF string (Unicode):
(hyperref)                removing `\Arabic' on input line 151.


Underfull \vbox (badness 10000) has occurred while \output is active

Package fancyhdr Warning: \headheight is too small (14.0pt): 
(fancyhdr)                Make it at least 24.01996pt, for example:
(fancyhdr)                \setlength{\headheight}{24.01996pt}.
(fancyhdr)                You might also make \topmargin smaller to compensate:

(fancyhdr)                \addtolength{\topmargin}{-10.01996pt}.

[13]

Package hyperref Warning: Token not allowed in a PDF string (Unicode):
(hyperref)                removing `\Arabic' on input line 179.


Underfull \vbox (badness 10000) has occurred while \output is active

Package fancyhdr Warning: \headheight is too small (14.0pt): 
(fancyhdr)                Make it at least 24.01996pt, for example:
(fancyhdr)                \setlength{\headheight}{24.01996pt}.
(fancyhdr)                You might also make \topmargin smaller to compensate:

(fancyhdr)                \addtolength{\topmargin}{-10.01996pt}.

[14
Missing character: There is no إ (U+0625) in font TeXGyrePagella:mode=node;scr
ipt=latn;language=dflt;+tlig;!
Missing character: There is no ض (U+0636) in font TeXGyrePagella:mode=node;scr
ipt=latn;language=dflt;+tlig;!
Missing character: There is no م (U+0645) in font TeXGyrePagella:mode=node;scr
ipt=latn;language=dflt;+tlig;!
Missing character: There is no ا (U+0627) in font TeXGyrePagella:mode=node;scr
ipt=latn;language=dflt;+tlig;!
Missing character: There is no ر (U+0631) in font TeXGyrePagella:mode=node;scr
ipt=latn;language=dflt;+tlig;!
Missing character: There is no و (U+0648) in font TeXGyrePagella:mode=node;scr
ipt=latn;language=dflt;+tlig;!
Missing character: There is no ق (U+0642) in font TeXGyrePagella:mode=node;scr
ipt=latn;language=dflt;+tlig;!
Missing character: There is no ص (U+0635) in font TeXGyrePagella:mode=node;scr
ipt=latn;language=dflt;+tlig;!
]

Package hyperref Warning: Token not allowed in a PDF string (Unicode):
(hyperref)                removing `\Arabic' on input line 201.


Underfull \vbox (badness 10000) has occurred while \output is active

Package fancyhdr Warning: \headheight is too small (14.0pt): 
(fancyhdr)                Make it at least 24.01996pt, for example:
(fancyhdr)                \setlength{\headheight}{24.01996pt}.
(fancyhdr)                You might also make \topmargin smaller to compensate:

(fancyhdr)                \addtolength{\topmargin}{-10.01996pt}.

[15]

Package hyperref Warning: Token not allowed in a PDF string (Unicode):
(hyperref)                removing `\Arabic' on input line 223.



Package hyperref Warning: Token not allowed in a PDF string (Unicode):
(hyperref)                removing `\Arabic' on input line 245.



Package fancyhdr Warning: \headheight is too small (14.0pt): 
(fancyhdr)                Make it at least 24.01996pt, for example:
(fancyhdr)                \setlength{\headheight}{24.01996pt}.
(fancyhdr)                You might also make \topmargin smaller to compensate:

(fancyhdr)                \addtolength{\topmargin}{-10.01996pt}.

[16
Missing character: There is no خ (U+062E) in font TeXGyrePagella:mode=node;scr
ipt=latn;language=dflt;+tlig;!
Missing character: There is no ب (U+0628) in font TeXGyrePagella:mode=node;scr
ipt=latn;language=dflt;+tlig;!
Missing character: There is no ن (U+0646) in font TeXGyrePagella:mode=node;scr
ipt=latn;language=dflt;+tlig;!
Missing character: There is no ط (U+0637) in font TeXGyrePagella:mode=node;scr
ipt=latn;language=dflt;+tlig;!
Missing character: There is no ي (U+064A) in font TeXGyrePagella:mode=node;scr
ipt=latn;language=dflt;+tlig;!
]

Package hyperref Warning: Token not allowed in a PDF string (Unicode):
(hyperref)                removing `\Arabic' on input line 267.



Package hyperref Warning: Token not allowed in a PDF string (Unicode):
(hyperref)                removing `\Arabic' on input line 289.



Package fancyhdr Warning: \headheight is too small (14.0pt): 
(fancyhdr)                Make it at least 24.01996pt, for example:
(fancyhdr)                \setlength{\headheight}{24.01996pt}.
(fancyhdr)                You might also make \topmargin smaller to compensate:

(fancyhdr)                \addtolength{\topmargin}{-10.01996pt}.

[17]

Package hyperref Warning: Token not allowed in a PDF string (Unicode):
(hyperref)                removing `\Arabic' on input line 310.


Underfull \vbox (badness 10000) has occurred while \output is active

Package fancyhdr Warning: \headheight is too small (14.0pt): 
(fancyhdr)                Make it at least 24.01996pt, for example:
(fancyhdr)                \setlength{\headheight}{24.01996pt}.
(fancyhdr)                You might also make \topmargin smaller to compensate:

(fancyhdr)                \addtolength{\topmargin}{-10.01996pt}.

[18
Missing character: There is no خ (U+062E) in font TeXGyrePagella:mode=node;scr
ipt=latn;language=dflt;+tlig;!
Missing character: There is no ب (U+0628) in font TeXGyrePagella:mode=node;scr
ipt=latn;language=dflt;+tlig;!
Missing character: There is no ن (U+0646) in font TeXGyrePagella:mode=node;scr
ipt=latn;language=dflt;+tlig;!
Missing character: There is no ط (U+0637) in font TeXGyrePagella:mode=node;scr
ipt=latn;language=dflt;+tlig;!
Missing character: There is no ي (U+064A) in font TeXGyrePagella:mode=node;scr
ipt=latn;language=dflt;+tlig;!
]

Package hyperref Warning: Token not allowed in a PDF string (Unicode):
(hyperref)                removing `\Arabic' on input line 338.


Underfull \vbox (badness 10000) has occurred while \output is active

Package fancyhdr Warning: \headheight is too small (14.0pt): 
(fancyhdr)                Make it at least 24.01996pt, for example:
(fancyhdr)                \setlength{\headheight}{24.01996pt}.
(fancyhdr)                You might also make \topmargin smaller to compensate:

(fancyhdr)                \addtolength{\topmargin}{-10.01996pt}.

[19]

Package hyperref Warning: Token not allowed in a PDF string (Unicode):
(hyperref)                removing `\Arabic' on input line 360.


Underfull \hbox (badness 2582) in paragraph at lines 383--383
[]|\TU/TeXGyrePagella(0)/m/n/12 The main rhyme con-so-nant; de-fines the

Underfull \vbox (badness 10000) has occurred while \output is active

Package fancyhdr Warning: \headheight is too small (14.0pt): 
(fancyhdr)                Make it at least 24.01996pt, for example:
(fancyhdr)                \setlength{\headheight}{24.01996pt}.
(fancyhdr)                You might also make \topmargin smaller to compensate:

(fancyhdr)                \addtolength{\topmargin}{-10.01996pt}.

[20]

Package hyperref Warning: Token not allowed in a PDF string (Unicode):
(hyperref)                removing `\Arabic' on input line 386.



Package hyperref Warning: Token not allowed in a PDF string (Unicode):
(hyperref)                removing `\Arabic' on input line 396.


Underfull \vbox (badness 10000) has occurred while \output is active

Package fancyhdr Warning: \headheight is too small (14.0pt): 
(fancyhdr)                Make it at least 24.01996pt, for example:
(fancyhdr)                \setlength{\headheight}{24.01996pt}.
(fancyhdr)                You might also make \topmargin smaller to compensate:

(fancyhdr)                \addtolength{\topmargin}{-10.01996pt}.

[21]
Underfull \hbox (badness 10000) in paragraph at lines 434--434
[]|\TU/TeXGyrePagella(0)/m/n/12 One vowel be-

Underfull \hbox (badness 10000) in paragraph at lines 434--434
\TU/TeXGyrePagella(0)/m/n/12 tween last two

Underfull \hbox (badness 2903) in paragraph at lines 434--434
[]|\TU/TeXGyrePagella(0)/m/n/12 Two vow-els be-

Underfull \hbox (badness 10000) in paragraph at lines 434--434
\TU/TeXGyrePagella(0)/m/n/12 tween last two

Underfull \hbox (badness 10000) in paragraph at lines 434--434
[]|\TU/TeXGyrePagella(0)/m/n/12 Three vow-els

Underfull \hbox (badness 10000) in paragraph at lines 434--434
[]|\TU/TeXGyrePagella(0)/m/n/12 Four vow-els

Underfull \hbox (badness 1112) in paragraph at lines 434--434
[]|\TU/TeXGyrePagella(0)/m/n/12 Two con-sec-u-tive


Package hyperref Warning: Token not allowed in a PDF string (Unicode):
(hyperref)                removing `\Arabic' on input line 438.



Package fancyhdr Warning: \headheight is too small (14.0pt): 
(fancyhdr)                Make it at least 24.01996pt, for example:
(fancyhdr)                \setlength{\headheight}{24.01996pt}.
(fancyhdr)                You might also make \topmargin smaller to compensate:

(fancyhdr)                \addtolength{\topmargin}{-10.01996pt}.

[22]

Package hyperref Warning: Token not allowed in a PDF string (Unicode):
(hyperref)                removing `\Arabic' on input line 464.



Package hyperref Warning: Token not allowed in a PDF string (Unicode):
(hyperref)                removing `\Arabic' on input line 467.



Package fancyhdr Warning: \headheight is too small (14.0pt): 
(fancyhdr)                Make it at least 24.01996pt, for example:
(fancyhdr)                \setlength{\headheight}{24.01996pt}.
(fancyhdr)                You might also make \topmargin smaller to compensate:

(fancyhdr)                \addtolength{\topmargin}{-10.01996pt}.

[23
Missing character: There is no غ (U+063A) in font TeXGyrePagella:mode=node;scr
ipt=latn;language=dflt;+tlig;!
Missing character: There is no ر (U+0631) in font TeXGyrePagella:mode=node;scr
ipt=latn;language=dflt;+tlig;!
Missing character: There is no ض (U+0636) in font TeXGyrePagella:mode=node;scr
ipt=latn;language=dflt;+tlig;!
]

Package hyperref Warning: Token not allowed in a PDF string (Unicode):
(hyperref)                removing `\Arabic' on input line 493.



Package fancyhdr Warning: \headheight is too small (14.0pt): 
(fancyhdr)                Make it at least 24.01996pt, for example:
(fancyhdr)                \setlength{\headheight}{24.01996pt}.
(fancyhdr)                You might also make \topmargin smaller to compensate:

(fancyhdr)                \addtolength{\topmargin}{-10.01996pt}.

[24
Missing character: There is no غ (U+063A) in font TeXGyrePagella:mode=node;scr
ipt=latn;language=dflt;+tlig;!
Missing character: There is no ر (U+0631) in font TeXGyrePagella:mode=node;scr
ipt=latn;language=dflt;+tlig;!
Missing character: There is no ض (U+0636) in font TeXGyrePagella:mode=node;scr
ipt=latn;language=dflt;+tlig;!
]

Package hyperref Warning: Token not allowed in a PDF string (Unicode):
(hyperref)                removing `\Arabic' on input line 507.



Package hyperref Warning: Token not allowed in a PDF string (Unicode):
(hyperref)                removing `\Arabic' on input line 526.


Overfull \hbox (17.80812pt too wide) in paragraph at lines 533--534
[]\TU/TeXGyrePagella(0)/b/n/12 Fa-mous po-et-ess: al-Khansa’ \TU/TeXGyrePagel
la(0)/m/n/12 ([]\TU/Amiri(0)/m/n/12 الخنساء[][]\TU/TeXGyrePagella(0)/m/n
/12 ) — her ele-gies for her broth-ers Sakhr and Mu’awiya


Package hyperref Warning: Token not allowed in a PDF string (Unicode):
(hyperref)                removing `\Arabic' on input line 542.



Package fancyhdr Warning: \headheight is too small (14.0pt): 
(fancyhdr)                Make it at least 27.23094pt, for example:
(fancyhdr)                \setlength{\headheight}{27.23094pt}.
(fancyhdr)                You might also make \topmargin smaller to compensate:

(fancyhdr)                \addtolength{\topmargin}{-13.23094pt}.

[25]

Package hyperref Warning: Token not allowed in a PDF string (Unicode):
(hyperref)                removing `\Arabic' on input line 547.


Overfull \hbox (0.645pt too wide) in paragraph at lines 550--551
\TU/TeXGyrePagella(0)/m/n/12 Philo-soph-i-cal and moral apho-risms in verse. Br
ief, mem-o-rable, self-contained verses.

Overfull \hbox (2.0823pt too wide) in paragraph at lines 550--551
\TU/TeXGyrePagella(0)/m/n/12 Fa-mous: Zuhair ibn Abi Sulma’s []\TU/Amiri(0)/m
/n/12 معلقة[][]\TU/TeXGyrePagella(0)/m/n/12 , Imru’ al-Qays’s philo-so
ph-i-cal lines, the gnomic


Package hyperref Warning: Token not allowed in a PDF string (Unicode):
(hyperref)                removing `\Arabic' on input line 554.



Package hyperref Warning: Token not allowed in a PDF string (Unicode):
(hyperref)                removing `\Arabic' on input line 559.



Package hyperref Warning: Token not allowed in a PDF string (Unicode):
(hyperref)                removing `\Arabic' on input line 564.


Underfull \vbox (badness 1755) has occurred while \output is active

Package fancyhdr Warning: \headheight is too small (14.0pt): 
(fancyhdr)                Make it at least 24.01996pt, for example:
(fancyhdr)                \setlength{\headheight}{24.01996pt}.
(fancyhdr)                You might also make \topmargin smaller to compensate:

(fancyhdr)                \addtolength{\topmargin}{-10.01996pt}.

[26]

Package hyperref Warning: Token not allowed in a PDF string (Unicode):
(hyperref)                removing `\Arabic' on input line 589.



Package hyperref Warning: Token not allowed in a PDF string (Unicode):
(hyperref)                removing `\Arabic' on input line 594.



Package hyperref Warning: Token not allowed in a PDF string (Unicode):
(hyperref)                removing `\Arabic' on input line 611.


Underfull \vbox (badness 1931) has occurred while \output is active

Package fancyhdr Warning: \headheight is too small (14.0pt): 
(fancyhdr)                Make it at least 27.10501pt, for example:
(fancyhdr)                \setlength{\headheight}{27.10501pt}.
(fancyhdr)                You might also make \topmargin smaller to compensate:

(fancyhdr)                \addtolength{\topmargin}{-13.10501pt}.

[27
Missing character: There is no م (U+0645) in font TeXGyrePagella:mode=node;scr
ipt=latn;language=dflt;+tlig;!
Missing character: There is no ع (U+0639) in font TeXGyrePagella:mode=node;scr
ipt=latn;language=dflt;+tlig;!
Missing character: There is no ا (U+0627) in font TeXGyrePagella:mode=node;scr
ipt=latn;language=dflt;+tlig;!
Missing character: There is no ر (U+0631) in font TeXGyrePagella:mode=node;scr
ipt=latn;language=dflt;+tlig;!
Missing character: There is no ض (U+0636) in font TeXGyrePagella:mode=node;scr
ipt=latn;language=dflt;+tlig;!
Missing character: There is no ة (U+0629) in font TeXGyrePagella:mode=node;scr
ipt=latn;language=dflt;+tlig;!
Missing character: There is no م (U+0645) in font TeXGyrePagella:mode=node;scr
ipt=latn;language=dflt;+tlig;!
Missing character: There is no ع (U+0639) in font TeXGyrePagella:mode=node;scr
ipt=latn;language=dflt;+tlig;!
Missing character: There is no ا (U+0627) in font TeXGyrePagella:mode=node;scr
ipt=latn;language=dflt;+tlig;!
Missing character: There is no ر (U+0631) in font TeXGyrePagella:mode=node;scr
ipt=latn;language=dflt;+tlig;!
Missing character: There is no ض (U+0636) in font TeXGyrePagella:mode=node;scr
ipt=latn;language=dflt;+tlig;!
Missing character: There is no ة (U+0629) in font TeXGyrePagella:mode=node;scr
ipt=latn;language=dflt;+tlig;!
Missing character: There is no م (U+0645) in font TeXGyrePagella:mode=node;scr
ipt=latn;language=dflt;+tlig;!
Missing character: There is no ع (U+0639) in font TeXGyrePagella:mode=node;scr
ipt=latn;language=dflt;+tlig;!
Missing character: There is no ا (U+0627) in font TeXGyrePagella:mode=node;scr
ipt=latn;language=dflt;+tlig;!
Missing character: There is no ر (U+0631) in font TeXGyrePagella:mode=node;scr
ipt=latn;language=dflt;+tlig;!
Missing character: There is no ض (U+0636) in font TeXGyrePagella:mode=node;scr
ipt=latn;language=dflt;+tlig;!
Missing character: There is no ة (U+0629) in font TeXGyrePagella:mode=node;scr
ipt=latn;language=dflt;+tlig;!
Missing character: There is no م (U+0645) in font TeXGyrePagella:mode=node;scr
ipt=latn;language=dflt;+tlig;!
Missing character: There is no ع (U+0639) in font TeXGyrePagella:mode=node;scr
ipt=latn;language=dflt;+tlig;!
Missing character: There is no ا (U+0627) in font TeXGyrePagella:mode=node;scr
ipt=latn;language=dflt;+tlig;!
Missing character: There is no ر (U+0631) in font TeXGyrePagella:mode=node;scr
ipt=latn;language=dflt;+tlig;!
Missing character: There is no ض (U+0636) in font TeXGyrePagella:mode=node;scr
ipt=latn;language=dflt;+tlig;!
Missing character: There is no ة (U+0629) in font TeXGyrePagella:mode=node;scr
ipt=latn;language=dflt;+tlig;!
Missing character: There is no م (U+0645) in font TeXGyrePagella:mode=node;scr
ipt=latn;language=dflt;+tlig;!
Missing character: There is no ع (U+0639) in font TeXGyrePagella:mode=node;scr
ipt=latn;language=dflt;+tlig;!
Missing character: There is no ا (U+0627) in font TeXGyrePagella:mode=node;scr
ipt=latn;language=dflt;+tlig;!
Missing character: There is no ر (U+0631) in font TeXGyrePagella:mode=node;scr
ipt=latn;language=dflt;+tlig;!
Missing character: There is no ض (U+0636) in font TeXGyrePagella:mode=node;scr
ipt=latn;language=dflt;+tlig;!
Missing character: There is no ا (U+0627) in font TeXGyrePagella:mode=node;scr
ipt=latn;language=dflt;+tlig;!
Missing character: There is no ت (U+062A) in font TeXGyrePagella:mode=node;scr
ipt=latn;language=dflt;+tlig;!
]

Package hyperref Warning: Token not allowed in a PDF string (Unicode):
(hyperref)                removing `\Arabic' on input line 625.



Package hyperref Warning: Token not allowed in a PDF string (Unicode):
(hyperref)                removing `\Arabic' on input line 638.



Package fancyhdr Warning: \headheight is too small (14.0pt): 
(fancyhdr)                Make it at least 24.01996pt, for example:
(fancyhdr)                \setlength{\headheight}{24.01996pt}.
(fancyhdr)                You might also make \topmargin smaller to compensate:

(fancyhdr)                \addtolength{\topmargin}{-10.01996pt}.

[28
Missing character: There is no ت (U+062A) in font TeXGyrePagella/B:mode=node;s
cript=latn;language=dflt;+tlig;!
Missing character: There is no ش (U+0634) in font TeXGyrePagella/B:mode=node;s
cript=latn;language=dflt;+tlig;!
Missing character: There is no ط (U+0637) in font TeXGyrePagella/B:mode=node;s
cript=latn;language=dflt;+tlig;!
Missing character: There is no ي (U+064A) in font TeXGyrePagella/B:mode=node;s
cript=latn;language=dflt;+tlig;!
Missing character: There is no ر (U+0631) in font TeXGyrePagella/B:mode=node;s
cript=latn;language=dflt;+tlig;!
]

Package hyperref Warning: Token not allowed in a PDF string (Unicode):
(hyperref)                removing `\Arabic' on input line 659.



Package hyperref Warning: Token not allowed in a PDF string (Unicode):
(hyperref)                removing `\Arabic' on input line 673.


Underfull \vbox (badness 10000) has occurred while \output is active

Package fancyhdr Warning: \headheight is too small (14.0pt): 
(fancyhdr)                Make it at least 27.10501pt, for example:
(fancyhdr)                \setlength{\headheight}{27.10501pt}.
(fancyhdr)                You might also make \topmargin smaller to compensate:

(fancyhdr)                \addtolength{\topmargin}{-13.10501pt}.

[29]

Package hyperref Warning: Token not allowed in a PDF string (Unicode):
(hyperref)                removing `\Arabic' on input line 689.



Package hyperref Warning: Token not allowed in a PDF string (Unicode):
(hyperref)                removing `\Arabic' on input line 713.



Package fancyhdr Warning: \headheight is too small (14.0pt): 
(fancyhdr)                Make it at least 24.01996pt, for example:
(fancyhdr)                \setlength{\headheight}{24.01996pt}.
(fancyhdr)                You might also make \topmargin smaller to compensate:

(fancyhdr)                \addtolength{\topmargin}{-10.01996pt}.

[30
Missing character: There is no ك (U+0643) in font TeXGyrePagella:mode=node;scr
ipt=latn;language=dflt;+tlig;!
Missing character: There is no أ (U+0623) in font TeXGyrePagella:mode=node;scr
ipt=latn;language=dflt;+tlig;!
Missing character: There is no ن (U+0646) in font TeXGyrePagella:mode=node;scr
ipt=latn;language=dflt;+tlig;!
Missing character: There is no م (U+0645) in font TeXGyrePagella:mode=node;scr
ipt=latn;language=dflt;+tlig;!
Missing character: There is no ث (U+062B) in font TeXGyrePagella:mode=node;scr
ipt=latn;language=dflt;+tlig;!
Missing character: There is no ل (U+0644) in font TeXGyrePagella:mode=node;scr
ipt=latn;language=dflt;+tlig;!
]

Package fancyhdr Warning: \headheight is too small (14.0pt): 
(fancyhdr)                Make it at least 27.10501pt, for example:
(fancyhdr)                \setlength{\headheight}{27.10501pt}.
(fancyhdr)                You might also make \topmargin smaller to compensate:

(fancyhdr)                \addtolength{\topmargin}{-13.10501pt}.

[31]

Package fancyhdr Warning: \headheight is too small (14.0pt): 
(fancyhdr)                Make it at least 24.01996pt, for example:
(fancyhdr)                \setlength{\headheight}{24.01996pt}.
(fancyhdr)                You might also make \topmargin smaller to compensate:

(fancyhdr)                \addtolength{\topmargin}{-10.01996pt}.

[32]

Package fancyhdr Warning: \headheight is too small (14.0pt): 
(fancyhdr)                Make it at least 27.10501pt, for example:
(fancyhdr)                \setlength{\headheight}{27.10501pt}.
(fancyhdr)                You might also make \topmargin smaller to compensate:

(fancyhdr)                \addtolength{\topmargin}{-13.10501pt}.

[33])

Package fancyhdr Warning: \headheight is too small (14.0pt): 
(fancyhdr)                Make it at least 24.01996pt, for example:
(fancyhdr)                \setlength{\headheight}{24.01996pt}.
(fancyhdr)                You might also make \topmargin smaller to compensate:

(fancyhdr)                \addtolength{\topmargin}{-10.01996pt}.

[34] (./chapters/ch03_nabati_poetry.tex
Chapter 3.
 [35]

Package hyperref Warning: Token not allowed in a PDF string (Unicode):
(hyperref)                removing `\Arabic' on input line 33.


Underfull \hbox (badness 10000) in paragraph at lines 51--51
[]|\TU/TeXGyrePagella(0)/b/n/12 Clas-si-cal Ana-

Underfull \hbox (badness 4454) in paragraph at lines 51--51
[]|\TU/TeXGyrePagella(0)/m/n/12 Nar-ra-tive, tribal

Underfull \hbox (badness 10000) in paragraph at lines 51--51
[]|\TU/TeXGyrePagella(0)/m/n/12 Camel-driving,

Underfull \hbox (badness 10000) in paragraph at lines 51--51
[]|\TU/TeXGyrePagella(0)/m/n/12 Light verse,

Underfull \hbox (badness 10000) in paragraph at lines 51--51
[]|\TU/TeXGyrePagella(0)/m/n/12 Hilali-derived

Underfull \hbox (badness 10000) in paragraph at lines 51--51
[]|\TU/TeXGyrePagella(0)/m/n/12 The dom-i-nant

Underfull \hbox (badness 10000) in paragraph at lines 51--51
\TU/TeXGyrePagella(0)/m/n/12 Nabati me-ter

Underfull \hbox (badness 10000) in paragraph at lines 51--51
[]|\TU/TeXGyrePagella(0)/m/n/12 Sari’/Baseet

Underfull \hbox (badness 10000) in paragraph at lines 51--51
[]|\TU/TeXGyrePagella(0)/m/n/12 Camel-riding,


Package hyperref Warning: Token not allowed in a PDF string (Unicode):
(hyperref)                removing `\Arabic' on input line 54.


Underfull \hbox (badness 10000) in paragraph at lines 72--72
[]|\TU/TeXGyrePagella(0)/m/n/12 Linked to Mash-hub;

Underfull \hbox (badness 10000) in paragraph at lines 72--72
\TU/TeXGyrePagella(0)/m/n/12 noc-tur-nal gath-er-ing

Underfull \hbox (badness 10000) in paragraph at lines 72--72
[]|\TU/Amiri(0)/m/n/12 مستفعلن فاعلن مستفعلن

Underfull \hbox (badness 10000) in paragraph at lines 72--72
[]|\TU/TeXGyrePagella(0)/m/n/12 In-no-vated by Ibn

Underfull \hbox (badness 10000) in paragraph at lines 72--72
[]|\TU/TeXGyrePagella(0)/m/n/12 Muwashshahat-like

Underfull \vbox (badness 10000) has occurred while \output is active

Package fancyhdr Warning: \headheight is too small (14.0pt): 
(fancyhdr)                Make it at least 24.01996pt, for example:
(fancyhdr)                \setlength{\headheight}{24.01996pt}.
(fancyhdr)                You might also make \topmargin smaller to compensate:

(fancyhdr)                \addtolength{\topmargin}{-10.01996pt}.

[36]

Package hyperref Warning: Token not allowed in a PDF string (Unicode):
(hyperref)                removing `\Arabic' on input line 76.


Underfull \vbox (badness 10000) has occurred while \output is active

Package fancyhdr Warning: \headheight is too small (14.0pt): 
(fancyhdr)                Make it at least 24.01996pt, for example:
(fancyhdr)                \setlength{\headheight}{24.01996pt}.
(fancyhdr)                You might also make \topmargin smaller to compensate:

(fancyhdr)                \addtolength{\topmargin}{-10.01996pt}.

[37]

Package hyperref Warning: Token not allowed in a PDF string (Unicode):
(hyperref)                removing `\Arabic' on input line 101.


Underfull \hbox (badness 10000) in paragraph at lines 117--117
[]|\TU/TeXGyrePagella(0)/m/n/12 Old-est Nabati po-ems; hero-ic/his-tor-i-cal

Underfull \hbox (badness 6412) in paragraph at lines 117--117
[]|\TU/TeXGyrePagella(0)/m/n/12 Re-lated to clas-si-cal Taweel but re-alised


Package hyperref Warning: Token not allowed in a PDF string (Unicode):
(hyperref)                removing `\Arabic' on input line 120.



Package fancyhdr Warning: \headheight is too small (14.0pt): 
(fancyhdr)                Make it at least 24.01996pt, for example:
(fancyhdr)                \setlength{\headheight}{24.01996pt}.
(fancyhdr)                You might also make \topmargin smaller to compensate:

(fancyhdr)                \addtolength{\topmargin}{-10.01996pt}.

[38]

Package hyperref Warning: Token not allowed in a PDF string (Unicode):
(hyperref)                removing `\Arabic' on input line 152.


Underfull \hbox (badness 6300) in paragraph at lines 176--176
[]|\TU/TeXGyrePagella(0)/m/n/12 The Nabati equiv-a-lent of madih;

Underfull \hbox (badness 1383) in paragraph at lines 176--176
\TU/TeXGyrePagella(0)/m/n/12 praises tribal lead-ers and war-riors

Underfull \hbox (badness 7981) in paragraph at lines 176--176
[]|\TU/TeXGyrePagella(0)/m/n/12 Tribal pride; glo-ri-fi-ca-tion of the

Underfull \hbox (badness 2818) in paragraph at lines 176--176
[]|\TU/TeXGyrePagella(0)/m/n/12 In-tense long-ing for the home-land

Underfull \hbox (badness 10000) in paragraph at lines 176--176
[]|\TU/TeXGyrePagella(0)/m/n/12 Di-rect tribal-vs-tribal com-pe-ti-tion;

Underfull \vbox (badness 5939) has occurred while \output is active

Package fancyhdr Warning: \headheight is too small (14.0pt): 
(fancyhdr)                Make it at least 27.23094pt, for example:
(fancyhdr)                \setlength{\headheight}{27.23094pt}.
(fancyhdr)                You might also make \topmargin smaller to compensate:

(fancyhdr)                \addtolength{\topmargin}{-13.23094pt}.

[39
Missing character: There is no أ (U+0623) in font TeXGyrePagella:mode=node;scr
ipt=latn;language=dflt;+tlig;!
Missing character: There is no غ (U+063A) in font TeXGyrePagella:mode=node;scr
ipt=latn;language=dflt;+tlig;!
Missing character: There is no ر (U+0631) in font TeXGyrePagella:mode=node;scr
ipt=latn;language=dflt;+tlig;!
Missing character: There is no ا (U+0627) in font TeXGyrePagella:mode=node;scr
ipt=latn;language=dflt;+tlig;!
Missing character: There is no ض (U+0636) in font TeXGyrePagella:mode=node;scr
ipt=latn;language=dflt;+tlig;!
]

Package hyperref Warning: Token not allowed in a PDF string (Unicode):
(hyperref)                removing `\Arabic' on input line 183.



Package fancyhdr Warning: \headheight is too small (14.0pt): 
(fancyhdr)                Make it at least 24.01996pt, for example:
(fancyhdr)                \setlength{\headheight}{24.01996pt}.
(fancyhdr)                You might also make \topmargin smaller to compensate:

(fancyhdr)                \addtolength{\topmargin}{-10.01996pt}.

[40
Missing character: There is no ه (U+0647) in font TeXGyrePagella:mode=node;scr
ipt=latn;language=dflt;+tlig;!
Missing character: There is no ج (U+062C) in font TeXGyrePagella:mode=node;scr
ipt=latn;language=dflt;+tlig;!
Missing character: There is no ا (U+0627) in font TeXGyrePagella:mode=node;scr
ipt=latn;language=dflt;+tlig;!
Missing character: There is no ء (U+0621) in font TeXGyrePagella:mode=node;scr
ipt=latn;language=dflt;+tlig;!
Missing character: There is no ه (U+0647) in font TeXGyrePagella:mode=node;scr
ipt=latn;language=dflt;+tlig;!
Missing character: There is no ج (U+062C) in font TeXGyrePagella:mode=node;scr
ipt=latn;language=dflt;+tlig;!
Missing character: There is no ا (U+0627) in font TeXGyrePagella:mode=node;scr
ipt=latn;language=dflt;+tlig;!
Missing character: There is no ء (U+0621) in font TeXGyrePagella:mode=node;scr
ipt=latn;language=dflt;+tlig;!
]

Package hyperref Warning: Token not allowed in a PDF string (Unicode):
(hyperref)                removing `\Arabic' on input line 193.



Package hyperref Warning: Token not allowed in a PDF string (Unicode):
(hyperref)                removing `\Arabic' on input line 202.


Underfull \hbox (badness 10000) in paragraph at lines 232--232
[]|\TU/TeXGyrePagella(0)/m/n/12 Foun-da-tional Samri

Underfull \hbox (badness 3919) in paragraph at lines 232--232
\TU/TeXGyrePagella(0)/m/n/12 poet; in-no-vated Bahr

Underfull \hbox (badness 10000) in paragraph at lines 232--232
[]|\TU/TeXGyrePagella(0)/m/n/12 Tribal war-rior poet;

Underfull \hbox (badness 10000) in paragraph at lines 232--232
[]|\TU/TeXGyrePagella(0)/m/n/12 Po-lit-i-cal and tribal

Underfull \hbox (badness 10000) in paragraph at lines 232--232
[]|\TU/TeXGyrePagella(0)/m/n/12 Bridged Nabati and

Underfull \hbox (badness 1112) in paragraph at lines 232--232
\TU/TeXGyrePagella(0)/m/n/12 clas-si-cal; most widely

Underfull \hbox (badness 10000) in paragraph at lines 232--232
\TU/TeXGyrePagella(0)/m/n/12 read mod-ern Saudi

Underfull \hbox (badness 3657) in paragraph at lines 232--232
[]|\TU/TeXGyrePagella(0)/m/n/12 Con-tem-po-rary; dom-i-

Underfull \vbox (badness 10000) has occurred while \output is active

Package fancyhdr Warning: \headheight is too small (14.0pt): 
(fancyhdr)                Make it at least 24.01996pt, for example:
(fancyhdr)                \setlength{\headheight}{24.01996pt}.
(fancyhdr)                You might also make \topmargin smaller to compensate:

(fancyhdr)                \addtolength{\topmargin}{-10.01996pt}.

[41]
Underfull \vbox (badness 10000) has occurred while \output is active

Package fancyhdr Warning: \headheight is too small (14.0pt): 
(fancyhdr)                Make it at least 24.01996pt, for example:
(fancyhdr)                \setlength{\headheight}{24.01996pt}.
(fancyhdr)                You might also make \topmargin smaller to compensate:

(fancyhdr)                \addtolength{\topmargin}{-10.01996pt}.

[42]

Package fancyhdr Warning: \headheight is too small (14.0pt): 
(fancyhdr)                Make it at least 24.01996pt, for example:
(fancyhdr)                \setlength{\headheight}{24.01996pt}.
(fancyhdr)                You might also make \topmargin smaller to compensate:

(fancyhdr)                \addtolength{\topmargin}{-10.01996pt}.

[43]

Package fancyhdr Warning: \headheight is too small (14.0pt): 
(fancyhdr)                Make it at least 24.01996pt, for example:
(fancyhdr)                \setlength{\headheight}{24.01996pt}.
(fancyhdr)                You might also make \topmargin smaller to compensate:

(fancyhdr)                \addtolength{\topmargin}{-10.01996pt}.

[44])

Package fancyhdr Warning: \headheight is too small (14.0pt): 
(fancyhdr)                Make it at least 24.01996pt, for example:
(fancyhdr)                \setlength{\headheight}{24.01996pt}.
(fancyhdr)                You might also make \topmargin smaller to compensate:

(fancyhdr)                \addtolength{\topmargin}{-10.01996pt}.

[45] (./chapters/ch04_performance_forms.tex
Chapter 4.


Package hyperref Warning: Token not allowed in a PDF string (Unicode):
(hyperref)                removing `\Arabic' on input line 10.


Underfull \hbox (badness 2119) in paragraph at lines 31--31
[]|\TU/TeXGyrePagella(0)/m/n/12 From []\TU/Amiri(0)/m/n/12 قلط على[][] \T
U/TeXGyrePagella(0)/m/n/12 = ``to ad-

Underfull \hbox (badness 4531) in paragraph at lines 31--31
\TU/TeXGyrePagella(0)/m/n/12 vance to-ward some-one'';
 [46]

Package hyperref Warning: Token not allowed in a PDF string (Unicode):
(hyperref)                removing `\Arabic' on input line 44.



Package fancyhdr Warning: \headheight is too small (14.0pt): 
(fancyhdr)                Make it at least 24.01996pt, for example:
(fancyhdr)                \setlength{\headheight}{24.01996pt}.
(fancyhdr)                You might also make \topmargin smaller to compensate:

(fancyhdr)                \addtolength{\topmargin}{-10.01996pt}.

[47]

Package hyperref Warning: Token not allowed in a PDF string (Unicode):
(hyperref)                removing `\Arabic' on input line 73.


Overfull \hbox (5.14722pt too wide) in paragraph at lines 76--77
[]\TU/TeXGyrePagella(0)/m/it/12 No-ble/el-e-vated ex-change\TU/TeXGyrePagella(0
)/m/n/12 : Ad-dresses high lit-er-ary, eth-i-cal, or so-cial themes. More


Package hyperref Warning: Token not allowed in a PDF string (Unicode):
(hyperref)                removing `\Arabic' on input line 92.



Package fancyhdr Warning: \headheight is too small (14.0pt): 
(fancyhdr)                Make it at least 24.01996pt, for example:
(fancyhdr)                \setlength{\headheight}{24.01996pt}.
(fancyhdr)                You might also make \topmargin smaller to compensate:

(fancyhdr)                \addtolength{\topmargin}{-10.01996pt}.

[48]
Overfull \hbox (4.91365pt too wide) in paragraph at lines 127--128
[]\TU/TeXGyrePagella(0)/m/it/12 En-trance Ar-dah\TU/TeXGyrePagella(0)/m/n/12 : 
Per-formed en-ter-ing a vil-lage; used for wel-com-ing guests


Package fancyhdr Warning: \headheight is too small (14.0pt): 
(fancyhdr)                Make it at least 24.01996pt, for example:
(fancyhdr)                \setlength{\headheight}{24.01996pt}.
(fancyhdr)                You might also make \topmargin smaller to compensate:

(fancyhdr)                \addtolength{\topmargin}{-10.01996pt}.

[49]

Package hyperref Warning: Token not allowed in a PDF string (Unicode):
(hyperref)                removing `\Arabic' on input line 142.


Underfull \vbox (badness 1584) has occurred while \output is active

Package fancyhdr Warning: \headheight is too small (14.0pt): 
(fancyhdr)                Make it at least 24.01996pt, for example:
(fancyhdr)                \setlength{\headheight}{24.01996pt}.
(fancyhdr)                You might also make \topmargin smaller to compensate:

(fancyhdr)                \addtolength{\topmargin}{-10.01996pt}.

[50
Missing character: There is no ا (U+0627) in font TeXGyrePagella/B:mode=node;s
cript=latn;language=dflt;+tlig;!
Missing character: There is no ل (U+0644) in font TeXGyrePagella/B:mode=node;s
cript=latn;language=dflt;+tlig;!
Missing character: There is no م (U+0645) in font TeXGyrePagella/B:mode=node;s
cript=latn;language=dflt;+tlig;!
Missing character: There is no ع (U+0639) in font TeXGyrePagella/B:mode=node;s
cript=latn;language=dflt;+tlig;!
Missing character: There is no ل (U+0644) in font TeXGyrePagella/B:mode=node;s
cript=latn;language=dflt;+tlig;!
Missing character: There is no م (U+0645) in font TeXGyrePagella/B:mode=node;s
cript=latn;language=dflt;+tlig;!
]
Underfull \vbox (badness 3407) has occurred while \output is active

Package fancyhdr Warning: \headheight is too small (14.0pt): 
(fancyhdr)                Make it at least 24.01996pt, for example:
(fancyhdr)                \setlength{\headheight}{24.01996pt}.
(fancyhdr)                You might also make \topmargin smaller to compensate:

(fancyhdr)                \addtolength{\topmargin}{-10.01996pt}.

[51]

Package hyperref Warning: Token not allowed in a PDF string (Unicode):
(hyperref)                removing `\Arabic' on input line 217.



Package fancyhdr Warning: \headheight is too small (14.0pt): 
(fancyhdr)                Make it at least 24.01996pt, for example:
(fancyhdr)                \setlength{\headheight}{24.01996pt}.
(fancyhdr)                You might also make \topmargin smaller to compensate:

(fancyhdr)                \addtolength{\topmargin}{-10.01996pt}.

[52]
Overfull \hbox (12.05792pt too wide) in paragraph at lines 263--264
[]\TU/TeXGyrePagella(0)/m/n/12 Based on Syr-i-ac/Ara-maic met-rics (e.g., many 
sub-forms of the []\TU/Amiri(0)/m/n/12 القريدي[][]\TU/TeXGyrePagella(0)/
m/n/12 ). 

Underfull \vbox (badness 10000) has occurred while \output is active

Package fancyhdr Warning: \headheight is too small (14.0pt): 
(fancyhdr)                Make it at least 24.23395pt, for example:
(fancyhdr)                \setlength{\headheight}{24.23395pt}.
(fancyhdr)                You might also make \topmargin smaller to compensate:

(fancyhdr)                \addtolength{\topmargin}{-10.23395pt}.

[53]

Package hyperref Warning: Token not allowed in a PDF string (Unicode):
(hyperref)                removing `\Arabic' on input line 281.



Package hyperref Warning: Token not allowed in a PDF string (Unicode):
(hyperref)                removing `\Arabic' on input line 290.



Package fancyhdr Warning: \headheight is too small (14.0pt): 
(fancyhdr)                Make it at least 24.01996pt, for example:
(fancyhdr)                \setlength{\headheight}{24.01996pt}.
(fancyhdr)                You might also make \topmargin smaller to compensate:

(fancyhdr)                \addtolength{\topmargin}{-10.01996pt}.

[54]
Underfull \vbox (badness 3240) has occurred while \output is active

Package fancyhdr Warning: \headheight is too small (14.0pt): 
(fancyhdr)                Make it at least 24.01996pt, for example:
(fancyhdr)                \setlength{\headheight}{24.01996pt}.
(fancyhdr)                You might also make \topmargin smaller to compensate:

(fancyhdr)                \addtolength{\topmargin}{-10.01996pt}.

[55])

Package fancyhdr Warning: \headheight is too small (14.0pt): 
(fancyhdr)                Make it at least 24.01996pt, for example:
(fancyhdr)                \setlength{\headheight}{24.01996pt}.
(fancyhdr)                You might also make \topmargin smaller to compensate:

(fancyhdr)                \addtolength{\topmargin}{-10.01996pt}.

[56] (./chapters/ch05_modern_forms.tex
Chapter 5.


Package hyperref Warning: Token not allowed in a PDF string (Unicode):
(hyperref)                removing `\Arabic' on input line 10.


Underfull \vbox (badness 7796) has occurred while \output is active [57]

Package hyperref Warning: Token not allowed in a PDF string (Unicode):
(hyperref)                removing `\Arabic' on input line 33.



Package fancyhdr Warning: \headheight is too small (14.0pt): 
(fancyhdr)                Make it at least 24.01996pt, for example:
(fancyhdr)                \setlength{\headheight}{24.01996pt}.
(fancyhdr)                You might also make \topmargin smaller to compensate:

(fancyhdr)                \addtolength{\topmargin}{-10.01996pt}.

[58
Missing character: There is no ت (U+062A) in font TeXGyrePagella:mode=node;scr
ipt=latn;language=dflt;+tlig;!
Missing character: There is no ف (U+0641) in font TeXGyrePagella:mode=node;scr
ipt=latn;language=dflt;+tlig;!
Missing character: There is no ع (U+0639) in font TeXGyrePagella:mode=node;scr
ipt=latn;language=dflt;+tlig;!
Missing character: There is no ي (U+064A) in font TeXGyrePagella:mode=node;scr
ipt=latn;language=dflt;+tlig;!
Missing character: There is no ل (U+0644) in font TeXGyrePagella:mode=node;scr
ipt=latn;language=dflt;+tlig;!
Missing character: There is no ة (U+0629) in font TeXGyrePagella:mode=node;scr
ipt=latn;language=dflt;+tlig;!
Missing character: There is no ت (U+062A) in font TeXGyrePagella:mode=node;scr
ipt=latn;language=dflt;+tlig;!
Missing character: There is no ف (U+0641) in font TeXGyrePagella:mode=node;scr
ipt=latn;language=dflt;+tlig;!
Missing character: There is no ع (U+0639) in font TeXGyrePagella:mode=node;scr
ipt=latn;language=dflt;+tlig;!
Missing character: There is no ي (U+064A) in font TeXGyrePagella:mode=node;scr
ipt=latn;language=dflt;+tlig;!
Missing character: There is no ل (U+0644) in font TeXGyrePagella:mode=node;scr
ipt=latn;language=dflt;+tlig;!
Missing character: There is no ة (U+0629) in font TeXGyrePagella:mode=node;scr
ipt=latn;language=dflt;+tlig;!
Missing character: There is no ت (U+062A) in font TeXGyrePagella:mode=node;scr
ipt=latn;language=dflt;+tlig;!
Missing character: There is no ف (U+0641) in font TeXGyrePagella:mode=node;scr
ipt=latn;language=dflt;+tlig;!
Missing character: There is no ع (U+0639) in font TeXGyrePagella:mode=node;scr
ipt=latn;language=dflt;+tlig;!
Missing character: There is no ي (U+064A) in font TeXGyrePagella:mode=node;scr
ipt=latn;language=dflt;+tlig;!
Missing character: There is no ل (U+0644) in font TeXGyrePagella:mode=node;scr
ipt=latn;language=dflt;+tlig;!
Missing character: There is no ة (U+0629) in font TeXGyrePagella:mode=node;scr
ipt=latn;language=dflt;+tlig;!
]

Package hyperref Warning: Token not allowed in a PDF string (Unicode):
(hyperref)                removing `\Arabic' on input line 71.



Package hyperref Warning: Token not allowed in a PDF string (Unicode):
(hyperref)                removing `\Arabic' on input line 87.



Package fancyhdr Warning: \headheight is too small (14.0pt): 
(fancyhdr)                Make it at least 24.01996pt, for example:
(fancyhdr)                \setlength{\headheight}{24.01996pt}.
(fancyhdr)                You might also make \topmargin smaller to compensate:

(fancyhdr)                \addtolength{\topmargin}{-10.01996pt}.

[59
Missing character: There is no ت (U+062A) in font TeXGyrePagella:mode=node;scr
ipt=latn;language=dflt;+tlig;!
Missing character: There is no ف (U+0641) in font TeXGyrePagella:mode=node;scr
ipt=latn;language=dflt;+tlig;!
Missing character: There is no ع (U+0639) in font TeXGyrePagella:mode=node;scr
ipt=latn;language=dflt;+tlig;!
Missing character: There is no ي (U+064A) in font TeXGyrePagella:mode=node;scr
ipt=latn;language=dflt;+tlig;!
Missing character: There is no ل (U+0644) in font TeXGyrePagella:mode=node;scr
ipt=latn;language=dflt;+tlig;!
Missing character: There is no ة (U+0629) in font TeXGyrePagella:mode=node;scr
ipt=latn;language=dflt;+tlig;!
]

Package hyperref Warning: Token not allowed in a PDF string (Unicode):
(hyperref)                removing `\Arabic' on input line 116.


Underfull \hbox (badness 3291) in paragraph at lines 135--135
[]|\TU/TeXGyrePagella(0)/m/n/12 Are the im-ages fresh and un-ex-pected? Is ther
e

Underfull \vbox (badness 10000) has occurred while \output is active

Package fancyhdr Warning: \headheight is too small (14.0pt): 
(fancyhdr)                Make it at least 24.01996pt, for example:
(fancyhdr)                \setlength{\headheight}{24.01996pt}.
(fancyhdr)                You might also make \topmargin smaller to compensate:

(fancyhdr)                \addtolength{\topmargin}{-10.01996pt}.

[60
Missing character: There is no ت (U+062A) in font TeXGyrePagella:mode=node;scr
ipt=latn;language=dflt;+tlig;!
Missing character: There is no ف (U+0641) in font TeXGyrePagella:mode=node;scr
ipt=latn;language=dflt;+tlig;!
Missing character: There is no ع (U+0639) in font TeXGyrePagella:mode=node;scr
ipt=latn;language=dflt;+tlig;!
Missing character: There is no ي (U+064A) in font TeXGyrePagella:mode=node;scr
ipt=latn;language=dflt;+tlig;!
Missing character: There is no ل (U+0644) in font TeXGyrePagella:mode=node;scr
ipt=latn;language=dflt;+tlig;!
Missing character: There is no ة (U+0629) in font TeXGyrePagella:mode=node;scr
ipt=latn;language=dflt;+tlig;!
]

Package hyperref Warning: Token not allowed in a PDF string (Unicode):
(hyperref)                removing `\Arabic' on input line 143.


Overfull \hbox (10.49289pt too wide) in paragraph at lines 152--153
\TU/TeXGyrePagella(0)/m/n/12 tions, or use Nabati me-ters with Fusha lan-guage.
 This is tech-ni-cally non-standard


Package fancyhdr Warning: \headheight is too small (14.0pt): 
(fancyhdr)                Make it at least 24.01996pt, for example:
(fancyhdr)                \setlength{\headheight}{24.01996pt}.
(fancyhdr)                You might also make \topmargin smaller to compensate:

(fancyhdr)                \addtolength{\topmargin}{-10.01996pt}.

[61]
Underfull \hbox (badness 10000) in paragraph at lines 170--170
[]|\TU/TeXGyrePagella(0)/b/n/12 AI Eval-u-a-tion

Underfull \hbox (badness 10000) in paragraph at lines 170--170
[]|\TU/TeXGyrePagella(0)/m/n/12 Bo-hour li-brary

Underfull \hbox (badness 8000) in paragraph at lines 170--170
[]|\TU/TeXGyrePagella(0)/m/n/12 LLM qual-i-ta-tive

Underfull \hbox (badness 10000) in paragraph at lines 170--170
[]|\TU/TeXGyrePagella(0)/m/n/12 Nabati-specific

Underfull \hbox (badness 10000) in paragraph at lines 170--170
[]|\TU/TeXGyrePagella(0)/m/n/12 Form-specific


Package fancyhdr Warning: \headheight is too small (14.0pt): 
(fancyhdr)                Make it at least 24.01996pt, for example:
(fancyhdr)                \setlength{\headheight}{24.01996pt}.
(fancyhdr)                You might also make \topmargin smaller to compensate:

(fancyhdr)                \addtolength{\topmargin}{-10.01996pt}.

[62]
Overfull \hbox (30.74684pt too wide) in paragraph at lines 186--187
\TU/Amiri(0)/m/n/12 (1923–2007) التي نشرت قصيدة ``الكولي
را'' في ديسمبر 1947، وإلى بدر شاكر السياب (1926–1
964)

Package fancyhdr Warning: \headheight is too small (14.0pt): 
(fancyhdr)                Make it at least 24.01996pt, for example:
(fancyhdr)                \setlength{\headheight}{24.01996pt}.
(fancyhdr)                You might also make \topmargin smaller to compensate:

(fancyhdr)                \addtolength{\topmargin}{-10.01996pt}.

[63])

Package fancyhdr Warning: \headheight is too small (14.0pt): 
(fancyhdr)                Make it at least 24.01996pt, for example:
(fancyhdr)                \setlength{\headheight}{24.01996pt}.
(fancyhdr)                You might also make \topmargin smaller to compensate:

(fancyhdr)                \addtolength{\topmargin}{-10.01996pt}.

[64]

LaTeX Warning: Empty bibliography on input line 305.

(./appendices/appA_meters_reference.tex
Appendix A.

Underfull \hbox (badness 10000) in paragraph at lines 26--26
[]|\TU/Amiri(0)/m/n/12 فَعُولُنْ مَفَاعِيلُنْ فَعُو
لُنْ

Underfull \hbox (badness 10000) in paragraph at lines 32--32
[]|\TU/Amiri(0)/m/n/12 مُسْتَفْعِلُنْ مُسْتَفْعِلُن
ْ

Underfull \hbox (badness 10000) in paragraph at lines 33--33
[]|\TU/Amiri(0)/m/n/12 فَاعِلَاتُنْ/فَاعِلَا[][]

Underfull \hbox (badness 10000) in paragraph at lines 34--34
[]|\TU/Amiri(0)/m/n/12 مُسْتَفْعِلُنْ مُسْتَفْعِلُن
ْ

Underfull \hbox (badness 10000) in paragraph at lines 35--35
[]|\TU/Amiri(0)/m/n/12 مُسْتَفْعِلُنْ مَفْعُولَاتُ

Underfull \hbox (badness 10000) in paragraph at lines 36--36
[]|\TU/Amiri(0)/m/n/12 فَاعِلَاتُنْ مُسْتَفْعِ لُنْ
 [65
Missing character: There is no م (U+0645) in font TeXGyrePagella:mode=node;scr
ipt=latn;language=dflt;+tlig;!
Missing character: There is no ق (U+0642) in font TeXGyrePagella:mode=node;scr
ipt=latn;language=dflt;+tlig;!
Missing character: There is no ب (U+0628) in font TeXGyrePagella:mode=node;scr
ipt=latn;language=dflt;+tlig;!
Missing character: There is no و (U+0648) in font TeXGyrePagella:mode=node;scr
ipt=latn;language=dflt;+tlig;!
Missing character: There is no ض (U+0636) in font TeXGyrePagella:mode=node;scr
ipt=latn;language=dflt;+tlig;!
Missing character: There is no ة (U+0629) in font TeXGyrePagella:mode=node;scr
ipt=latn;language=dflt;+tlig;!
Missing character: There is no م (U+0645) in font TeXGyrePagella:mode=node;scr
ipt=latn;language=dflt;+tlig;!
Missing character: There is no خ (U+062E) in font TeXGyrePagella:mode=node;scr
ipt=latn;language=dflt;+tlig;!
Missing character: There is no ب (U+0628) in font TeXGyrePagella:mode=node;scr
ipt=latn;language=dflt;+tlig;!
Missing character: There is no و (U+0648) in font TeXGyrePagella:mode=node;scr
ipt=latn;language=dflt;+tlig;!
Missing character: There is no ن (U+0646) in font TeXGyrePagella:mode=node;scr
ipt=latn;language=dflt;+tlig;!
Missing character: There is no ة (U+0629) in font TeXGyrePagella:mode=node;scr
ipt=latn;language=dflt;+tlig;!
Missing character: There is no م (U+0645) in font TeXGyrePagella:mode=node;scr
ipt=latn;language=dflt;+tlig;!
Missing character: There is no ق (U+0642) in font TeXGyrePagella:mode=node;scr
ipt=latn;language=dflt;+tlig;!
Missing character: There is no ط (U+0637) in font TeXGyrePagella:mode=node;scr
ipt=latn;language=dflt;+tlig;!
Missing character: There is no و (U+0648) in font TeXGyrePagella:mode=node;scr
ipt=latn;language=dflt;+tlig;!
Missing character: There is no ف (U+0641) in font TeXGyrePagella:mode=node;scr
ipt=latn;language=dflt;+tlig;!
]
Underfull \hbox (badness 10000) in paragraph at lines 65--65
[]|\TU/Amiri(0)/m/n/12 فَعُولُنْ[][] \TU/TeXGyrePagella(0)/m/n/12 → 
[]\TU/Amiri(0)/m/n/12 فَعُولُ[][]\TU/TeXGyrePagella(0)/m/n/12 ; []\TU/Am
iri(0)/m/n/12 مَفَاعِيلُنْ[][] \TU/TeXGyrePagella(0)/m/n/12 →

Underfull \vbox (badness 10000) has occurred while \output is active

Package fancyhdr Warning: \headheight is too small (14.0pt): 
(fancyhdr)                Make it at least 24.01996pt, for example:
(fancyhdr)                \setlength{\headheight}{24.01996pt}.
(fancyhdr)                You might also make \topmargin smaller to compensate:

(fancyhdr)                \addtolength{\topmargin}{-10.01996pt}.

[66
Missing character: There is no م (U+0645) in font TeXGyrePagella:mode=node;scr
ipt=latn;language=dflt;+tlig;!
Missing character: There is no ح (U+062D) in font TeXGyrePagella:mode=node;scr
ipt=latn;language=dflt;+tlig;!
Missing character: There is no ذ (U+0630) in font TeXGyrePagella:mode=node;scr
ipt=latn;language=dflt;+tlig;!
Missing character: There is no و (U+0648) in font TeXGyrePagella:mode=node;scr
ipt=latn;language=dflt;+tlig;!
Missing character: There is no ف (U+0641) in font TeXGyrePagella:mode=node;scr
ipt=latn;language=dflt;+tlig;!
Missing character: There is no م (U+0645) in font TeXGyrePagella:mode=node;scr
ipt=latn;language=dflt;+tlig;!
Missing character: There is no و (U+0648) in font TeXGyrePagella:mode=node;scr
ipt=latn;language=dflt;+tlig;!
Missing character: There is no ق (U+0642) in font TeXGyrePagella:mode=node;scr
ipt=latn;language=dflt;+tlig;!
Missing character: There is no و (U+0648) in font TeXGyrePagella:mode=node;scr
ipt=latn;language=dflt;+tlig;!
Missing character: There is no ف (U+0641) in font TeXGyrePagella:mode=node;scr
ipt=latn;language=dflt;+tlig;!
]
Underfull \hbox (badness 10000) in paragraph at lines 89--89
[]|\TU/TeXGyrePagella(0)/b/n/12 Ap-prox-i-mate Pat-

Underfull \hbox (badness 10000) in paragraph at lines 89--89
[]|\TU/Amiri(0)/m/n/12 مستفعلن مستفعلن

Underfull \hbox (badness 10000) in paragraph at lines 89--89
[]|\TU/TeXGyrePagella(0)/m/n/12 Most com-mon

Underfull \hbox (badness 10000) in paragraph at lines 89--89
[]|\TU/Amiri(0)/m/n/12 مستفعلن مستفعلن

Underfull \hbox (badness 3713) in paragraph at lines 89--89
[]|\TU/TeXGyrePagella(0)/m/n/12 Old-est; an-ces-tor of

Underfull \hbox (badness 10000) in paragraph at lines 89--89
[]|\TU/TeXGyrePagella(0)/m/n/12 Camel-riding, jour-

Underfull \hbox (badness 10000) in paragraph at lines 89--89
[]|\TU/TeXGyrePagella(0)/m/n/12 In-no-vated by Ibn

Underfull \hbox (badness 10000) in paragraph at lines 89--89
[]|\TU/TeXGyrePagella(0)/m/n/12 Noc-tur-nal per-for-
)
Underfull \vbox (badness 10000) has occurred while \output is active

Package fancyhdr Warning: \headheight is too small (14.0pt): 
(fancyhdr)                Make it at least 24.01996pt, for example:
(fancyhdr)                \setlength{\headheight}{24.01996pt}.
(fancyhdr)                You might also make \topmargin smaller to compensate:

(fancyhdr)                \addtolength{\topmargin}{-10.01996pt}.

[67]

Package fancyhdr Warning: \headheight is too small (14.0pt): 
(fancyhdr)                Make it at least 24.01996pt, for example:
(fancyhdr)                \setlength{\headheight}{24.01996pt}.
(fancyhdr)                You might also make \topmargin smaller to compensate:

(fancyhdr)                \addtolength{\topmargin}{-10.01996pt}.

[68] (./appendices/appB_glossary.tex
Appendix B.

Underfull \vbox (badness 10000) has occurred while \output is active [69]
Underfull \vbox (badness 10000) has occurred while \output is active

Package fancyhdr Warning: \headheight is too small (14.0pt): 
(fancyhdr)                Make it at least 24.01996pt, for example:
(fancyhdr)                \setlength{\headheight}{24.01996pt}.
(fancyhdr)                You might also make \topmargin smaller to compensate:

(fancyhdr)                \addtolength{\topmargin}{-10.01996pt}.

[70
Missing character: There is no ا (U+0627) in font TeXGyrePagella:mode=node;scr
ipt=latn;language=dflt;+tlig;!
Missing character: There is no ، (U+060C) in font TeXGyrePagella:mode=node;scr
ipt=latn;language=dflt;+tlig;!
Missing character: There is no و (U+0648) in font TeXGyrePagella:mode=node;scr
ipt=latn;language=dflt;+tlig;!
Missing character: There is no ، (U+060C) in font TeXGyrePagella:mode=node;scr
ipt=latn;language=dflt;+tlig;!
Missing character: There is no ي (U+064A) in font TeXGyrePagella:mode=node;scr
ipt=latn;language=dflt;+tlig;!
]
Overfull \hbox (1.37651pt too wide) in paragraph at lines 73--74
\TU/TeXGyrePagella(0)/m/n/12 Po-etic com-pe-ti-tion be-tween two po-ets ex-chan
g-ing verses on the same

Underfull \vbox (badness 10000) has occurred while \output is active

Package fancyhdr Warning: \headheight is too small (14.0pt): 
(fancyhdr)                Make it at least 24.01996pt, for example:
(fancyhdr)                \setlength{\headheight}{24.01996pt}.
(fancyhdr)                You might also make \topmargin smaller to compensate:

(fancyhdr)                \addtolength{\topmargin}{-10.01996pt}.

[71]
Overfull \hbox (1.24449pt too wide) in paragraph at lines 97--98
\TU/TeXGyrePagella(0)/m/n/12 The dual-rhyme sys-tem: dis-tinct rhymes for sadr 
and ajuz hemistichs
)

Package fancyhdr Warning: \headheight is too small (14.0pt): 
(fancyhdr)                Make it at least 24.01996pt, for example:
(fancyhdr)                \setlength{\headheight}{24.01996pt}.
(fancyhdr)                You might also make \topmargin smaller to compensate:

(fancyhdr)                \addtolength{\topmargin}{-10.01996pt}.

[72] (./build/report.aux (./build/chapters/ch01_poetry_landscape.aux)
(./build/chapters/ch02_classical_poetry.aux)
(./build/chapters/ch03_nabati_poetry.aux)
(./build/chapters/ch04_performance_forms.aux)
(./build/chapters/ch05_modern_forms.aux)
(./build/appendices/appA_meters_reference.aux)
(./build/appendices/appB_glossary.aux))

LaTeX Warning: Label(s) may have changed. Rerun to get cross-references right.

)
(see the transcript file for additional information)
 8262 words of node memory still in use:
   30 hlist, 2 vlist, 14 rule, 918 dir, 2 glue, 4 kern, 1 glyph, 598 attribute,
 114 glue_spec, 598 attribute_list, 7 write, 24 pdf_literal, 24 pdf_colorstack 
nodes
   avail lists: 1:3,2:2078,3:607,4:324,5:653,6:142,7:5949,8:2,9:1018,10:12,11:4
17
</usr/share/texmf/fonts/opentype/public/tex-gyre/texgyrecursor-regular.otf></us
r/share/texlive/texmf-dist/fonts/truetype/public/amiri/Amiri-Italic.ttf></usr/s
hare/texlive/texmf-dist/fonts/truetype/public/amiri/Amiri-Bold.ttf></usr/share/
texmf/fonts/opentype/public/tex-gyre/texgyrepagella-italic.otf></usr/share/texm
f/fonts/opentype/public/tex-gyre/texgyrepagella-bold.otf></usr/share/texmf/font
s/opentype/public/tex-gyre/texgyrepagella-regular.otf></usr/share/texlive/texmf
-dist/fonts/truetype/public/amiri/Amiri-Regular.ttf>
Output written on report.pdf (80 pages, 346165 bytes).
Transcript written on report.log.
Latexmk: Getting log file 'build/report.log'
Latexmk: Examining 'build/report.fls'
Latexmk: Examining 'build/report.log'
Latexmk: Found input bbl file 'build/report.bbl'
Latexmk: References changed.
Latexmk: References changed.
Latexmk: Log file says output to 'report.pdf'
Latexmk: Bibliography file(s) from .bcf file:
  bib/references.bib
Latexmk: applying rule 'lualatex'...
Rule 'lualatex':  Reasons for rerun
Changed files or newly in use/created:
  build/chapters/ch02_classical_poetry.aux
  build/chapters/ch03_nabati_poetry.aux
  build/chapters/ch05_modern_forms.aux
  build/report.aux
  build/report.run.xml
  build/report.toc

------------
Run number 3 of rule 'lualatex'
------------
------------
Running 'lualatex  -interaction=nonstopmode -recorder -output-directory="build"  "report.tex"'
------------
This is LuaHBTeX, Version 1.17.0 (TeX Live 2023/Debian) 
 restricted system commands enabled.
(./report.tex
LaTeX2e <2023-11-01> patch level 1
L3 programming layer <2024-01-22>
 (/usr/share/texlive/texmf-dist/tex/latex/base/report.cls
Document Class: report 2023/05/17 v1.4n Standard LaTeX document class
(/usr/share/texlive/texmf-dist/tex/latex/base/size12.clo))
(/usr/share/texlive/texmf-dist/tex/latex/fontspec/fontspec.sty
(/usr/share/texlive/texmf-dist/tex/latex/l3packages/xparse/xparse.sty
(/usr/share/texlive/texmf-dist/tex/latex/l3kernel/expl3.sty
(/usr/share/texlive/texmf-dist/tex/latex/l3backend/l3backend-luatex.def)))
(/usr/share/texlive/texmf-dist/tex/latex/fontspec/fontspec-luatex.sty
(/usr/share/texlive/texmf-dist/tex/latex/base/fontenc.sty)
(/usr/share/texlive/texmf-dist/tex/latex/fontspec/fontspec.cfg)))
(/usr/share/texlive/texmf-dist/tex/latex/geometry/geometry.sty
(/usr/share/texlive/texmf-dist/tex/latex/graphics/keyval.sty)
(/usr/share/texlive/texmf-dist/tex/generic/iftex/ifvtex.sty
(/usr/share/texlive/texmf-dist/tex/generic/iftex/iftex.sty)))
(/usr/share/texlive/texmf-dist/tex/latex/amsmath/amsmath.sty
For additional information on amsmath, use the `?' option.
(/usr/share/texlive/texmf-dist/tex/latex/amsmath/amstext.sty
(/usr/share/texlive/texmf-dist/tex/latex/amsmath/amsgen.sty))
(/usr/share/texlive/texmf-dist/tex/latex/amsmath/amsbsy.sty)
(/usr/share/texlive/texmf-dist/tex/latex/amsmath/amsopn.sty))
(/usr/share/texlive/texmf-dist/tex/latex/amsfonts/amssymb.sty
(/usr/share/texlive/texmf-dist/tex/latex/amsfonts/amsfonts.sty))
(/usr/share/texlive/texmf-dist/tex/latex/graphics/graphicx.sty
(/usr/share/texlive/texmf-dist/tex/latex/graphics/graphics.sty
(/usr/share/texlive/texmf-dist/tex/latex/graphics/trig.sty)
(/usr/share/texlive/texmf-dist/tex/latex/graphics-cfg/graphics.cfg)
(/usr/share/texlive/texmf-dist/tex/latex/graphics-def/luatex.def)))
(/usr/share/texlive/texmf-dist/tex/latex/caption/caption.sty
(/usr/share/texlive/texmf-dist/tex/latex/caption/caption3.sty))
(/usr/share/texlive/texmf-dist/tex/latex/float/float.sty)
(/usr/share/texlive/texmf-dist/tex/latex/booktabs/booktabs.sty)
(/usr/share/texlive/texmf-dist/tex/latex/tools/tabularx.sty
(/usr/share/texlive/texmf-dist/tex/latex/tools/array.sty))
(/usr/share/texlive/texmf-dist/tex/latex/multirow/multirow.sty)
(/usr/share/texlive/texmf-dist/tex/latex/tools/longtable.sty)
(/usr/share/texlive/texmf-dist/tex/latex/makecell/makecell.sty)
(/usr/share/texlive/texmf-dist/tex/latex/xcolor/xcolor.sty
(/usr/share/texlive/texmf-dist/tex/latex/graphics-cfg/color.cfg)
(/usr/share/texlive/texmf-dist/tex/latex/graphics/mathcolor.ltx))
(/usr/share/texlive/texmf-dist/tex/latex/graphics/dvipsnam.def)
(/usr/share/texlive/texmf-dist/tex/latex/hyperref/hyperref.sty
(/usr/share/texlive/texmf-dist/tex/latex/kvsetkeys/kvsetkeys.sty)
(/usr/share/texlive/texmf-dist/tex/generic/kvdefinekeys/kvdefinekeys.sty)
(/usr/share/texlive/texmf-dist/tex/generic/pdfescape/pdfescape.sty
(/usr/share/texlive/texmf-dist/tex/generic/ltxcmds/ltxcmds.sty)
(/usr/share/texlive/texmf-dist/tex/generic/pdftexcmds/pdftexcmds.sty
(/usr/share/texlive/texmf-dist/tex/generic/infwarerr/infwarerr.sty)))
(/usr/share/texlive/texmf-dist/tex/latex/hycolor/hycolor.sty)
(/usr/share/texlive/texmf-dist/tex/latex/auxhook/auxhook.sty)
(/usr/share/texlive/texmf-dist/tex/latex/hyperref/nameref.sty
(/usr/share/texlive/texmf-dist/tex/latex/refcount/refcount.sty)
(/usr/share/texlive/texmf-dist/tex/generic/gettitlestring/gettitlestring.sty
(/usr/share/texlive/texmf-dist/tex/latex/kvoptions/kvoptions.sty)))
(/usr/share/texlive/texmf-dist/tex/latex/etoolbox/etoolbox.sty)
(/usr/share/texlive/texmf-dist/tex/latex/hyperref/pd1enc.def)
(/usr/share/texlive/texmf-dist/tex/generic/intcalc/intcalc.sty)
(/usr/share/texlive/texmf-dist/tex/latex/hyperref/puenc.def)
(/usr/share/texlive/texmf-dist/tex/latex/url/url.sty)
(/usr/share/texlive/texmf-dist/tex/generic/bitset/bitset.sty
(/usr/share/texlive/texmf-dist/tex/generic/bigintcalc/bigintcalc.sty))
(/usr/share/texlive/texmf-dist/tex/latex/base/atbegshi-ltx.sty))
(/usr/share/texlive/texmf-dist/tex/latex/hyperref/hluatex.def
(/usr/share/texlive/texmf-dist/tex/generic/stringenc/stringenc.sty)
(/usr/share/texlive/texmf-dist/tex/latex/base/atveryend-ltx.sty)
(/usr/share/texlive/texmf-dist/tex/latex/rerunfilecheck/rerunfilecheck.sty
(/usr/share/texlive/texmf-dist/tex/generic/uniquecounter/uniquecounter.sty)))
(/usr/share/texlive/texmf-dist/tex/latex/fancyhdr/fancyhdr.sty)
(/usr/share/texlive/texmf-dist/tex/latex/titlesec/titlesec.sty)
(/usr/share/texlive/texmf-dist/tex/latex/listings/listings.sty
(/usr/share/texlive/texmf-dist/tex/latex/listings/lstmisc.sty)
(/usr/share/texlive/texmf-dist/tex/latex/listings/listings.cfg))
(/usr/share/texlive/texmf-dist/tex/latex/pgf/frontendlayer/tikz.sty
(/usr/share/texlive/texmf-dist/tex/latex/pgf/basiclayer/pgf.sty
(/usr/share/texlive/texmf-dist/tex/latex/pgf/utilities/pgfrcs.sty
(/usr/share/texlive/texmf-dist/tex/generic/pgf/utilities/pgfutil-common.tex)
(/usr/share/texlive/texmf-dist/tex/generic/pgf/utilities/pgfutil-latex.def)
(/usr/share/texlive/texmf-dist/tex/generic/pgf/utilities/pgfrcs.code.tex
(/usr/share/texlive/texmf-dist/tex/generic/pgf/pgf.revision.tex)))
(/usr/share/texlive/texmf-dist/tex/latex/pgf/basiclayer/pgfcore.sty
(/usr/share/texlive/texmf-dist/tex/latex/pgf/systemlayer/pgfsys.sty
(/usr/share/texlive/texmf-dist/tex/generic/pgf/systemlayer/pgfsys.code.tex
(/usr/share/texlive/texmf-dist/tex/generic/pgf/utilities/pgfkeys.code.tex
(/usr/share/texlive/texmf-dist/tex/generic/pgf/utilities/pgfkeyslibraryfiltered
.code.tex)) (/usr/share/texlive/texmf-dist/tex/generic/pgf/systemlayer/pgf.cfg)
(/usr/share/texlive/texmf-dist/tex/generic/pgf/systemlayer/pgfsys-luatex.def
(/usr/share/texlive/texmf-dist/tex/generic/pgf/systemlayer/pgfsys-common-pdf.de
f)))
(/usr/share/texlive/texmf-dist/tex/generic/pgf/systemlayer/pgfsyssoftpath.code.
tex)
(/usr/share/texlive/texmf-dist/tex/generic/pgf/systemlayer/pgfsysprotocol.code.
tex))
(/usr/share/texlive/texmf-dist/tex/generic/pgf/basiclayer/pgfcore.code.tex
(/usr/share/texlive/texmf-dist/tex/generic/pgf/math/pgfmath.code.tex
(/usr/share/texlive/texmf-dist/tex/generic/pgf/math/pgfmathutil.code.tex)
(/usr/share/texlive/texmf-dist/tex/generic/pgf/math/pgfmathparser.code.tex)
(/usr/share/texlive/texmf-dist/tex/generic/pgf/math/pgfmathfunctions.code.tex)
(/usr/share/texlive/texmf-dist/tex/generic/pgf/math/pgfmathfunctions.basic.code
.tex)
(/usr/share/texlive/texmf-dist/tex/generic/pgf/math/pgfmathfunctions.trigonomet
ric.code.tex)
(/usr/share/texlive/texmf-dist/tex/generic/pgf/math/pgfmathfunctions.random.cod
e.tex)
(/usr/share/texlive/texmf-dist/tex/generic/pgf/math/pgfmathfunctions.comparison
.code.tex)
(/usr/share/texlive/texmf-dist/tex/generic/pgf/math/pgfmathfunctions.base.code.
tex)
(/usr/share/texlive/texmf-dist/tex/generic/pgf/math/pgfmathfunctions.round.code
.tex)
(/usr/share/texlive/texmf-dist/tex/generic/pgf/math/pgfmathfunctions.misc.code.
tex)
(/usr/share/texlive/texmf-dist/tex/generic/pgf/math/pgfmathfunctions.integerari
thmetics.code.tex)
(/usr/share/texlive/texmf-dist/tex/generic/pgf/math/pgfmathcalc.code.tex)
(/usr/share/texlive/texmf-dist/tex/generic/pgf/math/pgfmathfloat.code.tex))
(/usr/share/texlive/texmf-dist/tex/generic/pgf/math/pgfint.code.tex)
(/usr/share/texlive/texmf-dist/tex/generic/pgf/basiclayer/pgfcorepoints.code.te
x)
(/usr/share/texlive/texmf-dist/tex/generic/pgf/basiclayer/pgfcorepathconstruct.
code.tex)
(/usr/share/texlive/texmf-dist/tex/generic/pgf/basiclayer/pgfcorepathusage.code
.tex)
(/usr/share/texlive/texmf-dist/tex/generic/pgf/basiclayer/pgfcorescopes.code.te
x)
(/usr/share/texlive/texmf-dist/tex/generic/pgf/basiclayer/pgfcoregraphicstate.c
ode.tex)
(/usr/share/texlive/texmf-dist/tex/generic/pgf/basiclayer/pgfcoretransformation
s.code.tex)
(/usr/share/texlive/texmf-dist/tex/generic/pgf/basiclayer/pgfcorequick.code.tex
)
(/usr/share/texlive/texmf-dist/tex/generic/pgf/basiclayer/pgfcoreobjects.code.t
ex)
(/usr/share/texlive/texmf-dist/tex/generic/pgf/basiclayer/pgfcorepathprocessing
.code.tex)
(/usr/share/texlive/texmf-dist/tex/generic/pgf/basiclayer/pgfcorearrows.code.te
x)
(/usr/share/texlive/texmf-dist/tex/generic/pgf/basiclayer/pgfcoreshade.code.tex
)
(/usr/share/texlive/texmf-dist/tex/generic/pgf/basiclayer/pgfcoreimage.code.tex
)
(/usr/share/texlive/texmf-dist/tex/generic/pgf/basiclayer/pgfcoreexternal.code.
tex)
(/usr/share/texlive/texmf-dist/tex/generic/pgf/basiclayer/pgfcorelayers.code.te
x)
(/usr/share/texlive/texmf-dist/tex/generic/pgf/basiclayer/pgfcoretransparency.c
ode.tex)
(/usr/share/texlive/texmf-dist/tex/generic/pgf/basiclayer/pgfcorepatterns.code.
tex)
(/usr/share/texlive/texmf-dist/tex/generic/pgf/basiclayer/pgfcorerdf.code.tex))
)
(/usr/share/texlive/texmf-dist/tex/generic/pgf/modules/pgfmoduleshapes.code.tex
) (/usr/share/texlive/texmf-dist/tex/generic/pgf/modules/pgfmoduleplot.code.tex
)
(/usr/share/texlive/texmf-dist/tex/latex/pgf/compatibility/pgfcomp-version-0-65
.sty)
(/usr/share/texlive/texmf-dist/tex/latex/pgf/compatibility/pgfcomp-version-1-18
.sty)) (/usr/share/texlive/texmf-dist/tex/latex/pgf/utilities/pgffor.sty
(/usr/share/texlive/texmf-dist/tex/latex/pgf/utilities/pgfkeys.sty
(/usr/share/texlive/texmf-dist/tex/generic/pgf/utilities/pgfkeys.code.tex))
(/usr/share/texlive/texmf-dist/tex/latex/pgf/math/pgfmath.sty
(/usr/share/texlive/texmf-dist/tex/generic/pgf/math/pgfmath.code.tex))
(/usr/share/texlive/texmf-dist/tex/generic/pgf/utilities/pgffor.code.tex))
(/usr/share/texlive/texmf-dist/tex/generic/pgf/frontendlayer/tikz/tikz.code.tex

(/usr/share/texlive/texmf-dist/tex/generic/pgf/libraries/pgflibraryplothandlers
.code.tex)
(/usr/share/texlive/texmf-dist/tex/generic/pgf/modules/pgfmodulematrix.code.tex
)
(/usr/share/texlive/texmf-dist/tex/generic/pgf/frontendlayer/tikz/libraries/tik
zlibrarytopaths.code.tex)))
(/usr/share/texlive/texmf-dist/tex/generic/pgf/frontendlayer/tikz/libraries/tik
zlibraryshapes.code.tex
(/usr/share/texlive/texmf-dist/tex/generic/pgf/frontendlayer/tikz/libraries/tik
zlibraryshapes.geometric.code.tex
(/usr/share/texlive/texmf-dist/tex/generic/pgf/libraries/shapes/pgflibraryshape
s.geometric.code.tex))
(/usr/share/texlive/texmf-dist/tex/generic/pgf/frontendlayer/tikz/libraries/tik
zlibraryshapes.misc.code.tex
(/usr/share/texlive/texmf-dist/tex/generic/pgf/libraries/shapes/pgflibraryshape
s.misc.code.tex))
(/usr/share/texlive/texmf-dist/tex/generic/pgf/frontendlayer/tikz/libraries/tik
zlibraryshapes.symbols.code.tex
(/usr/share/texlive/texmf-dist/tex/generic/pgf/libraries/shapes/pgflibraryshape
s.symbols.code.tex))
(/usr/share/texlive/texmf-dist/tex/generic/pgf/frontendlayer/tikz/libraries/tik
zlibraryshapes.arrows.code.tex
(/usr/share/texlive/texmf-dist/tex/generic/pgf/libraries/shapes/pgflibraryshape
s.arrows.code.tex))
(/usr/share/texlive/texmf-dist/tex/generic/pgf/frontendlayer/tikz/libraries/tik
zlibraryshapes.callouts.code.tex
(/usr/share/texlive/texmf-dist/tex/generic/pgf/libraries/shapes/pgflibraryshape
s.callouts.code.tex))
(/usr/share/texlive/texmf-dist/tex/generic/pgf/frontendlayer/tikz/libraries/tik
zlibraryshapes.multipart.code.tex
(/usr/share/texlive/texmf-dist/tex/generic/pgf/libraries/shapes/pgflibraryshape
s.multipart.code.tex)))
(/usr/share/texlive/texmf-dist/tex/generic/pgf/libraries/pgflibraryarrows.meta.
code.tex)
(/usr/share/texlive/texmf-dist/tex/generic/pgf/frontendlayer/tikz/libraries/tik
zlibrarypositioning.code.tex)
(/usr/share/texlive/texmf-dist/tex/generic/pgf/frontendlayer/tikz/libraries/tik
zlibrarycalc.code.tex)
(/usr/share/texlive/texmf-dist/tex/generic/pgf/frontendlayer/tikz/libraries/tik
zlibraryfit.code.tex)
(/usr/share/texlive/texmf-dist/tex/generic/pgf/frontendlayer/tikz/libraries/tik
zlibrarybackgrounds.code.tex)
(/usr/share/texlive/texmf-dist/tex/latex/enumitem/enumitem.sty)
(/usr/share/texlive/texmf-dist/tex/latex/parskip/parskip.sty)
(/usr/share/texlive/texmf-dist/tex/latex/setspace/setspace.sty)
(/usr/share/texlive/texmf-dist/tex/latex/csquotes/csquotes.sty
(/usr/share/texlive/texmf-dist/tex/latex/csquotes/csquotes.def)
(/usr/share/texlive/texmf-dist/tex/latex/csquotes/csquotes.cfg))
(/usr/share/texlive/texmf-dist/tex/latex/mdframed/mdframed.sty
(/usr/share/texlive/texmf-dist/tex/latex/zref/zref-abspage.sty
(/usr/share/texlive/texmf-dist/tex/latex/zref/zref-base.sty
(/usr/share/texlive/texmf-dist/tex/generic/etexcmds/etexcmds.sty)))
(/usr/share/texlive/texmf-dist/tex/latex/needspace/needspace.sty)
(/usr/share/texlive/texmf-dist/tex/latex/mdframed/md-frame-0.mdf))
(/usr/share/texlive/texmf-dist/tex/latex/tcolorbox/tcolorbox.sty
(/usr/share/texlive/texmf-dist/tex/latex/tools/verbatim.sty)
(/usr/share/texlive/texmf-dist/tex/latex/environ/environ.sty
(/usr/share/texlive/texmf-dist/tex/latex/trimspaces/trimspaces.sty)))
(/usr/share/texlive/texmf-dist/tex/latex/tcolorbox/tcbraster.code.tex
Library (tcolorbox): 'tcbraster.code.tex' version '6.2.0'
) (/usr/share/texlive/texmf-dist/tex/latex/tcolorbox/tcbskins.code.tex
Library (tcolorbox): 'tcbskins.code.tex' version '6.2.0'
(/usr/share/texlive/texmf-dist/tex/latex/tikzfill/tikzfill.image.sty
(/usr/share/texlive/texmf-dist/tex/latex/tikzfill/tikzfill-common.sty)
(/usr/share/texlive/texmf-dist/tex/latex/tikzfill/tikzlibraryfill.image.code.te
x)) (/usr/share/texlive/texmf-dist/tex/latex/tcolorbox/tcbskinsjigsaw.code.tex
Library (tcolorbox): 'tcbskinsjigsaw.code.tex' version '6.2.0'
)) (/usr/share/texlive/texmf-dist/tex/latex/tcolorbox/tcbbreakable.code.tex
Library (tcolorbox): 'tcbbreakable.code.tex' version '6.2.0'
(/usr/share/texlive/texmf-dist/tex/latex/pdfcol/pdfcol.sty)
(/usr/share/texlive/texmf-dist/tex/generic/iftex/ifluatex.sty))
(/usr/share/texlive/texmf-dist/tex/latex/tcolorbox/tcbhooks.code.tex
Library (tcolorbox): 'tcbhooks.code.tex' version '6.2.0'
) (/usr/share/texlive/texmf-dist/tex/latex/tcolorbox/tcbtheorems.code.tex
Library (tcolorbox): 'tcbtheorems.code.tex' version '6.2.0'
) (/usr/share/texlive/texmf-dist/tex/latex/tcolorbox/tcbfitting.code.tex
Library (tcolorbox): 'tcbfitting.code.tex' version '6.2.0'
) (/usr/share/texlive/texmf-dist/tex/latex/tcolorbox/tcblistingsutf8.code.tex
Library (tcolorbox): 'tcblistingsutf8.code.tex' version '6.2.0'
(/usr/share/texlive/texmf-dist/tex/latex/tcolorbox/tcblistings.code.tex
Library (tcolorbox): 'tcblistings.code.tex' version '6.2.0'
(/usr/share/texlive/texmf-dist/tex/latex/tcolorbox/tcblistingscore.code.tex
Library (tcolorbox): 'tcblistingscore.code.tex' version '6.2.0'
(/usr/share/texlive/texmf-dist/tex/latex/tcolorbox/tcbprocessing.code.tex
Library (tcolorbox): 'tcbprocessing.code.tex' version '6.2.0'
)))) (/usr/share/texlive/texmf-dist/tex/latex/tcolorbox/tcbexternal.code.tex
Library (tcolorbox): 'tcbexternal.code.tex' version '6.2.0'
) (/usr/share/texlive/texmf-dist/tex/latex/tcolorbox/tcbmagazine.code.tex
Library (tcolorbox): 'tcbmagazine.code.tex' version '6.2.0'
) (/usr/share/texlive/texmf-dist/tex/latex/tcolorbox/tcbvignette.code.tex
Library (tcolorbox): 'tcbvignette.code.tex' version '6.2.0'

(/usr/share/texlive/texmf-dist/tex/generic/pgf/frontendlayer/tikz/libraries/tik
zlibraryfadings.code.tex
(/usr/share/texlive/texmf-dist/tex/generic/pgf/libraries/pgflibraryfadings.code
.tex))) (/usr/share/texlive/texmf-dist/tex/latex/tcolorbox/tcbposter.code.tex
Library (tcolorbox): 'tcbposter.code.tex' version '6.2.0'
) (/usr/share/texlive/texmf-dist/tex/latex/polyglossia/polyglossia.sty
(/usr/share/texlive/texmf-dist/tex/latex/xkeyval/xkeyval.sty
(/usr/share/texlive/texmf-dist/tex/generic/xkeyval/xkeyval.tex
(/usr/share/texlive/texmf-dist/tex/generic/xkeyval/xkvutils.tex)))
(/usr/share/texlive/texmf-dist/tex/luatex/luatexbase/luatexbase.sty
(/usr/share/texlive/texmf-dist/tex/luatex/ctablestack/ctablestack.sty))
(/usr/share/texlive/texmf-dist/tex/latex/polyglossia/gloss-latex.lde))
(/usr/share/texlive/texmf-dist/tex/latex/polyglossia/gloss-english.ldf)
(/usr/share/texlive/texmf-dist/tex/latex/polyglossia/gloss-arabic.ldf
(/usr/share/texlive/texmf-dist/tex/lualatex/luabidi/luabidi.sty
(/usr/share/texlive/texmf-dist/tex/lualatex/luabidi/luabidi-footnotes.def))
(/usr/share/texlive/texmf-dist/tex/latex/polyglossia/arabicnumbers.sty)
(/usr/share/texlive/texmf-dist/tex/latex/polyglossia/hijrical.sty
(/usr/share/texlive/texmf-dist/tex/latex/tools/calc.sty)
(/usr/share/texlive/texmf-dist/tex/latex/polyglossia/cal-util.def)))
(/usr/share/texlive/texmf-dist/tex/latex/biblatex/biblatex.sty
(/usr/share/texlive/texmf-dist/tex/latex/logreq/logreq.sty
(/usr/share/texlive/texmf-dist/tex/latex/logreq/logreq.def))
(/usr/share/texlive/texmf-dist/tex/latex/base/ifthen.sty)
(/usr/share/texlive/texmf-dist/tex/latex/biblatex/blx-dm.def)
(/usr/share/texlive/texmf-dist/tex/latex/biblatex/blx-unicode.def)
(/usr/share/texlive/texmf-dist/tex/latex/biblatex/blx-compat.def)
(/usr/share/texlive/texmf-dist/tex/latex/biblatex/biblatex.def)
(/usr/share/texlive/texmf-dist/tex/latex/biblatex/bbx/numeric-comp.bbx
(/usr/share/texlive/texmf-dist/tex/latex/biblatex/bbx/numeric.bbx
(/usr/share/texlive/texmf-dist/tex/latex/biblatex/bbx/standard.bbx)))
(/usr/share/texlive/texmf-dist/tex/latex/biblatex/cbx/numeric-comp.cbx)
(/usr/share/texlive/texmf-dist/tex/latex/biblatex/biblatex.cfg)
(/usr/share/texlive/texmf-dist/tex/latex/biblatex/blx-case-expl3.sty))
(./build/report.aux (./build/chapters/ch01_poetry_landscape.aux)
(./build/chapters/ch02_classical_poetry.aux)
(./build/chapters/ch03_nabati_poetry.aux)
(./build/chapters/ch04_performance_forms.aux)
(./build/chapters/ch05_modern_forms.aux)
(./build/appendices/appA_meters_reference.aux)
(./build/appendices/appB_glossary.aux))
(/usr/share/texlive/texmf-dist/tex/latex/base/ts1cmr.fd)
*geometry* driver: auto-detecting
*geometry* detected driver: luatex
(/usr/share/texlive/texmf-dist/tex/context/base/mkii/supp-pdf.mkii
[Loading MPS to PDF converter (version 2006.09.02).]
) (/usr/share/texlive/texmf-dist/tex/latex/epstopdf-pkg/epstopdf-base.sty
(/usr/share/texlive/texmf-dist/tex/latex/latexconfig/epstopdf-sys.cfg))
(/usr/share/texlive/texmf-dist/tex/latex/caption/ltcaption.sty)
(./build/report.out) (./build/report.out)

Package biblatex Warning: Language 'arabic' not supported.
(biblatex)                Using dummy definitions on input line 227.

(/usr/share/texlive/texmf-dist/tex/latex/biblatex/lbx/american.lbx
(/usr/share/texlive/texmf-dist/tex/latex/biblatex/lbx/english.lbx)
(/usr/share/texlive/texmf-dist/tex/latex/biblatex/lbx/english.lbx))
(./build/report.bbl)
Underfull \vbox (badness 10000) has occurred while \output is active [1{/var/li
b/texmf/fonts/map/pdftex/updmap/pdftex.map}]

Package fancyhdr Warning: \headheight is too small (14.0pt): 
(fancyhdr)                Make it at least 24.01996pt, for example:
(fancyhdr)                \setlength{\headheight}{24.01996pt}.
(fancyhdr)                You might also make \topmargin smaller to compensate:

(fancyhdr)                \addtolength{\topmargin}{-10.01996pt}.

[2] (./build/report.toc
(/usr/share/texlive/texmf-dist/tex/latex/amsfonts/umsa.fd)
(/usr/share/texlive/texmf-dist/tex/latex/amsfonts/umsb.fd) [1]

Package fancyhdr Warning: \headheight is too small (14.0pt): 
(fancyhdr)                Make it at least 24.01996pt, for example:
(fancyhdr)                \setlength{\headheight}{24.01996pt}.
(fancyhdr)                You might also make \topmargin smaller to compensate:

(fancyhdr)                \addtolength{\topmargin}{-10.01996pt}.

[2]

Package fancyhdr Warning: \headheight is too small (14.0pt): 
(fancyhdr)                Make it at least 24.01996pt, for example:
(fancyhdr)                \setlength{\headheight}{24.01996pt}.
(fancyhdr)                You might also make \topmargin smaller to compensate:

(fancyhdr)                \addtolength{\topmargin}{-10.01996pt}.

[3])

Package fancyhdr Warning: \headheight is too small (14.0pt): 
(fancyhdr)                Make it at least 24.01996pt, for example:
(fancyhdr)                \setlength{\headheight}{24.01996pt}.
(fancyhdr)                You might also make \topmargin smaller to compensate:

(fancyhdr)                \addtolength{\topmargin}{-10.01996pt}.

[4] (./build/report.lot [5])

Package fancyhdr Warning: \headheight is too small (14.0pt): 
(fancyhdr)                Make it at least 24.01996pt, for example:
(fancyhdr)                \setlength{\headheight}{24.01996pt}.
(fancyhdr)                You might also make \topmargin smaller to compensate:

(fancyhdr)                \addtolength{\topmargin}{-10.01996pt}.

[6] (./chapters/ch01_poetry_landscape.tex
Chapter 1.

Overfull \hbox (19.79901pt too wide) in paragraph at lines 23--24
\TU/Amiri(0)/m/n/12 الجاهلي[][]\TU/TeXGyrePagella(0)/m/n/12 ), the great
 Ab-basid mas-ters (al-Mutanabbi, Abu Tam-mam, al-Buhturi),

warning  (pdf backend): ignoring duplicate destination with the name 'page.1'
[1
Missing character: There is no ا (U+0627) in font TeXGyrePagella:mode=node;scr
ipt=latn;language=dflt;+tlig;!
Missing character: There is no ل (U+0644) in font TeXGyrePagella:mode=node;scr
ipt=latn;language=dflt;+tlig;!
Missing character: There is no ب (U+0628) in font TeXGyrePagella:mode=node;scr
ipt=latn;language=dflt;+tlig;!
Missing character: There is no ح (U+062D) in font TeXGyrePagella:mode=node;scr
ipt=latn;language=dflt;+tlig;!
Missing character: There is no و (U+0648) in font TeXGyrePagella:mode=node;scr
ipt=latn;language=dflt;+tlig;!
Missing character: There is no ر (U+0631) in font TeXGyrePagella:mode=node;scr
ipt=latn;language=dflt;+tlig;!
Missing character: There is no ا (U+0627) in font TeXGyrePagella:mode=node;scr
ipt=latn;language=dflt;+tlig;!
Missing character: There is no ل (U+0644) in font TeXGyrePagella:mode=node;scr
ipt=latn;language=dflt;+tlig;!
Missing character: There is no خ (U+062E) in font TeXGyrePagella:mode=node;scr
ipt=latn;language=dflt;+tlig;!
Missing character: There is no ل (U+0644) in font TeXGyrePagella:mode=node;scr
ipt=latn;language=dflt;+tlig;!
Missing character: There is no ي (U+064A) in font TeXGyrePagella:mode=node;scr
ipt=latn;language=dflt;+tlig;!
Missing character: There is no ل (U+0644) in font TeXGyrePagella:mode=node;scr
ipt=latn;language=dflt;+tlig;!
Missing character: There is no ي (U+064A) in font TeXGyrePagella:mode=node;scr
ipt=latn;language=dflt;+tlig;!
Missing character: There is no ة (U+0629) in font TeXGyrePagella:mode=node;scr
ipt=latn;language=dflt;+tlig;!
Missing character: There is no ا (U+0627) in font TeXGyrePagella:mode=node;scr
ipt=latn;language=dflt;+tlig;!
Missing character: There is no ل (U+0644) in font TeXGyrePagella:mode=node;scr
ipt=latn;language=dflt;+tlig;!
Missing character: There is no س (U+0633) in font TeXGyrePagella:mode=node;scr
ipt=latn;language=dflt;+tlig;!
Missing character: There is no ت (U+062A) in font TeXGyrePagella:mode=node;scr
ipt=latn;language=dflt;+tlig;!
Missing character: There is no ة (U+0629) in font TeXGyrePagella:mode=node;scr
ipt=latn;language=dflt;+tlig;!
Missing character: There is no ع (U+0639) in font TeXGyrePagella:mode=node;scr
ipt=latn;language=dflt;+tlig;!
Missing character: There is no ش (U+0634) in font TeXGyrePagella:mode=node;scr
ipt=latn;language=dflt;+tlig;!
Missing character: There is no ر (U+0631) in font TeXGyrePagella:mode=node;scr
ipt=latn;language=dflt;+tlig;!
]
Overfull \hbox (5.42062pt too wide) in paragraph at lines 32--33
[]\TU/TeXGyrePagella(0)/m/n/12 Be-yond these three, sev-eral spe-cialised \TU/T
eXGyrePagella(0)/b/n/12 per-for-mance po-etry forms \TU/TeXGyrePagella(0)/m/n/1
2 ([]\TU/Amiri(0)/m/n/12 أشكال الشعر الأدائي[][]\TU/TeXGyrePag
ella(0)/m/n/12 )


Package fancyhdr Warning: \headheight is too small (14.0pt): 
(fancyhdr)                Make it at least 24.01996pt, for example:
(fancyhdr)                \setlength{\headheight}{24.01996pt}.
(fancyhdr)                You might also make \topmargin smaller to compensate:

(fancyhdr)                \addtolength{\topmargin}{-10.01996pt}.


warning  (pdf backend): ignoring duplicate destination with the name 'page.2'
[2
Missing character: There is no ب (U+0628) in font TeXGyrePagella:mode=node;scr
ipt=latn;language=dflt;+tlig;!
Missing character: There is no ح (U+062D) in font TeXGyrePagella:mode=node;scr
ipt=latn;language=dflt;+tlig;!
Missing character: There is no و (U+0648) in font TeXGyrePagella:mode=node;scr
ipt=latn;language=dflt;+tlig;!
Missing character: There is no ر (U+0631) in font TeXGyrePagella:mode=node;scr
ipt=latn;language=dflt;+tlig;!
Missing character: There is no ن (U+0646) in font TeXGyrePagella:mode=node;scr
ipt=latn;language=dflt;+tlig;!
Missing character: There is no ب (U+0628) in font TeXGyrePagella:mode=node;scr
ipt=latn;language=dflt;+tlig;!
Missing character: There is no ط (U+0637) in font TeXGyrePagella:mode=node;scr
ipt=latn;language=dflt;+tlig;!
Missing character: There is no ي (U+064A) in font TeXGyrePagella:mode=node;scr
ipt=latn;language=dflt;+tlig;!
Missing character: There is no ة (U+0629) in font TeXGyrePagella:mode=node;scr
ipt=latn;language=dflt;+tlig;!
]
Underfull \hbox (badness 10000) in paragraph at lines 76--76
[]|\TU/TeXGyrePagella(0)/b/n/12 Dom-

Underfull \hbox (badness 10000) in paragraph at lines 76--76
\TU/TeXGyrePagella(0)/b/n/12 i-nant

Overfull \hbox (11.94241pt too wide) in paragraph at lines 76--76
\TU/TeXGyrePagella(0)/b/n/12 Form(s)| 

Overfull \hbox (4.6584pt too wide) in paragraph at lines 76--76
[]|\TU/TeXGyrePagella(0)/m/n/12 Nabati,

Overfull \hbox (23.4144pt too wide) in paragraph at lines 76--76
[]|\TU/TeXGyrePagella(0)/m/n/12 Muhawara

Underfull \hbox (badness 10000) in paragraph at lines 76--76
\TU/TeXGyrePagella(0)/m/n/12 /

Overfull \hbox (4.6584pt too wide) in paragraph at lines 76--76
[]|\TU/TeXGyrePagella(0)/m/n/12 Nabati,

Overfull \hbox (23.4144pt too wide) in paragraph at lines 76--76
\TU/TeXGyrePagella(0)/m/n/12 Muhawara| 

Underfull \hbox (badness 10000) in paragraph at lines 76--76
[]|\TU/TeXGyrePagella(0)/m/n/12 Al-

Underfull \hbox (badness 10000) in paragraph at lines 76--76
\TU/TeXGyrePagella(0)/m/n/12 al-

Overfull \hbox (19.39438pt too wide) in paragraph at lines 76--76
\TU/TeXGyrePagella(0)/m/n/12 Janubiyya| 

Underfull \hbox (badness 10000) in paragraph at lines 76--76
[]|\TU/TeXGyrePagella(0)/m/n/12 Za-jal

Overfull \hbox (20.8104pt too wide) in paragraph at lines 76--76
\TU/TeXGyrePagella(0)/m/n/12 (Lebanese

Underfull \hbox (badness 10000) in paragraph at lines 76--76
[]|\TU/TeXGyrePagella(0)/m/n/12 Za-jal

Overfull \hbox (3.4104pt too wide) in paragraph at lines 76--76
\TU/TeXGyrePagella(0)/m/n/12 (Egyp-

Underfull \hbox (badness 10000) in paragraph at lines 76--76
\TU/TeXGyrePagella(0)/m/n/12 tian

Overfull \hbox (11.37839pt too wide) in paragraph at lines 76--76
\TU/TeXGyrePagella(0)/m/n/12 mawwal| 

Underfull \hbox (badness 10000) in paragraph at lines 76--76
[]|\TU/TeXGyrePagella(0)/m/n/12 Hu-

Underfull \hbox (badness 10000) in paragraph at lines 76--76
\TU/TeXGyrePagella(0)/m/n/12 maini

Underfull \hbox (badness 10000) in paragraph at lines 76--76
\TU/TeXGyrePagella(0)/m/n/12 po-

Underfull \hbox (badness 10000) in paragraph at lines 76--76
\TU/TeXGyrePagella(0)/m/n/12 etry,

Overfull \hbox (1.6584pt too wide) in paragraph at lines 76--76
\TU/TeXGyrePagella(0)/m/n/12 Nabati

Underfull \hbox (badness 10000) in paragraph at lines 76--76
\TU/TeXGyrePagella(0)/m/n/12 vari-

Underfull \hbox (badness 10000) in paragraph at lines 76--76
[]|\TU/TeXGyrePagella(0)/m/n/12 Za-jal

Overfull \hbox (23.1024pt too wide) in paragraph at lines 76--76
\TU/TeXGyrePagella(0)/m/n/12 (Maghrebi

Underfull \hbox (badness 10000) in paragraph at lines 76--76
\TU/TeXGyrePagella(0)/m/n/12 mal-

Underfull \vbox (badness 10000) has occurred while \output is active

Package fancyhdr Warning: \headheight is too small (14.0pt): 
(fancyhdr)                Make it at least 24.01996pt, for example:
(fancyhdr)                \setlength{\headheight}{24.01996pt}.
(fancyhdr)                You might also make \topmargin smaller to compensate:

(fancyhdr)                \addtolength{\topmargin}{-10.01996pt}.

[3]

Package fancyhdr Warning: \headheight is too small (14.0pt): 
(fancyhdr)                Make it at least 24.01996pt, for example:
(fancyhdr)                \setlength{\headheight}{24.01996pt}.
(fancyhdr)                You might also make \topmargin smaller to compensate:

(fancyhdr)                \addtolength{\topmargin}{-10.01996pt}.

[4]
Overfull \hbox (4.96513pt too wide) in paragraph at lines 98--99
\TU/TeXGyrePagella(0)/m/n/12 eval-u-a-tion cri-te-ria; the re-la-tion-ship be-t
ween mod-ern and tra-di-tional forms. 


Package fancyhdr Warning: \headheight is too small (14.0pt): 
(fancyhdr)                Make it at least 24.01996pt, for example:
(fancyhdr)                \setlength{\headheight}{24.01996pt}.
(fancyhdr)                You might also make \topmargin smaller to compensate:

(fancyhdr)                \addtolength{\topmargin}{-10.01996pt}.

[5
Missing character: There is no م (U+0645) in font TeXGyrePagella:mode=node;scr
ipt=latn;language=dflt;+tlig;!
Missing character: There is no ع (U+0639) in font TeXGyrePagella:mode=node;scr
ipt=latn;language=dflt;+tlig;!
Missing character: There is no ا (U+0627) in font TeXGyrePagella:mode=node;scr
ipt=latn;language=dflt;+tlig;!
Missing character: There is no ر (U+0631) in font TeXGyrePagella:mode=node;scr
ipt=latn;language=dflt;+tlig;!
Missing character: There is no ض (U+0636) in font TeXGyrePagella:mode=node;scr
ipt=latn;language=dflt;+tlig;!
Missing character: There is no ة (U+0629) in font TeXGyrePagella:mode=node;scr
ipt=latn;language=dflt;+tlig;!
Missing character: There is no ، (U+060C) in font TeXGyrePagella:mode=node;scr
ipt=latn;language=dflt;+tlig;!
Missing character: There is no م (U+0645) in font TeXGyrePagella:mode=node;scr
ipt=latn;language=dflt;+tlig;!
Missing character: There is no س (U+0633) in font TeXGyrePagella:mode=node;scr
ipt=latn;language=dflt;+tlig;!
Missing character: There is no ا (U+0627) in font TeXGyrePagella:mode=node;scr
ipt=latn;language=dflt;+tlig;!
Missing character: There is no ج (U+062C) in font TeXGyrePagella:mode=node;scr
ipt=latn;language=dflt;+tlig;!
Missing character: There is no ل (U+0644) in font TeXGyrePagella:mode=node;scr
ipt=latn;language=dflt;+tlig;!
Missing character: There is no ة (U+0629) in font TeXGyrePagella:mode=node;scr
ipt=latn;language=dflt;+tlig;!
Missing character: There is no ، (U+060C) in font TeXGyrePagella:mode=node;scr
ipt=latn;language=dflt;+tlig;!
Missing character: There is no ت (U+062A) in font TeXGyrePagella:mode=node;scr
ipt=latn;language=dflt;+tlig;!
Missing character: There is no ض (U+0636) in font TeXGyrePagella:mode=node;scr
ipt=latn;language=dflt;+tlig;!
Missing character: There is no م (U+0645) in font TeXGyrePagella:mode=node;scr
ipt=latn;language=dflt;+tlig;!
Missing character: There is no ي (U+064A) in font TeXGyrePagella:mode=node;scr
ipt=latn;language=dflt;+tlig;!
Missing character: There is no ن (U+0646) in font TeXGyrePagella:mode=node;scr
ipt=latn;language=dflt;+tlig;!
Missing character: There is no ، (U+060C) in font TeXGyrePagella:mode=node;scr
ipt=latn;language=dflt;+tlig;!
Missing character: There is no ت (U+062A) in font TeXGyrePagella:mode=node;scr
ipt=latn;language=dflt;+tlig;!
Missing character: There is no ش (U+0634) in font TeXGyrePagella:mode=node;scr
ipt=latn;language=dflt;+tlig;!
Missing character: There is no ط (U+0637) in font TeXGyrePagella:mode=node;scr
ipt=latn;language=dflt;+tlig;!
Missing character: There is no ي (U+064A) in font TeXGyrePagella:mode=node;scr
ipt=latn;language=dflt;+tlig;!
Missing character: There is no ر (U+0631) in font TeXGyrePagella:mode=node;scr
ipt=latn;language=dflt;+tlig;!
Missing character: There is no ، (U+060C) in font TeXGyrePagella:mode=node;scr
ipt=latn;language=dflt;+tlig;!
Missing character: There is no ت (U+062A) in font TeXGyrePagella:mode=node;scr
ipt=latn;language=dflt;+tlig;!
Missing character: There is no خ (U+062E) in font TeXGyrePagella:mode=node;scr
ipt=latn;language=dflt;+tlig;!
Missing character: There is no م (U+0645) in font TeXGyrePagella:mode=node;scr
ipt=latn;language=dflt;+tlig;!
Missing character: There is no ي (U+064A) in font TeXGyrePagella:mode=node;scr
ipt=latn;language=dflt;+tlig;!
Missing character: There is no س (U+0633) in font TeXGyrePagella:mode=node;scr
ipt=latn;language=dflt;+tlig;!
Missing character: There is no ، (U+060C) in font TeXGyrePagella:mode=node;scr
ipt=latn;language=dflt;+tlig;!
Missing character: There is no إ (U+0625) in font TeXGyrePagella:mode=node;scr
ipt=latn;language=dflt;+tlig;!
Missing character: There is no ك (U+0643) in font TeXGyrePagella:mode=node;scr
ipt=latn;language=dflt;+tlig;!
Missing character: There is no م (U+0645) in font TeXGyrePagella:mode=node;scr
ipt=latn;language=dflt;+tlig;!
Missing character: There is no ا (U+0627) in font TeXGyrePagella:mode=node;scr
ipt=latn;language=dflt;+tlig;!
Missing character: There is no ل (U+0644) in font TeXGyrePagella:mode=node;scr
ipt=latn;language=dflt;+tlig;!
Missing character: There is no ، (U+060C) in font TeXGyrePagella:mode=node;scr
ipt=latn;language=dflt;+tlig;!
Missing character: There is no ت (U+062A) in font TeXGyrePagella:mode=node;scr
ipt=latn;language=dflt;+tlig;!
Missing character: There is no ص (U+0635) in font TeXGyrePagella:mode=node;scr
ipt=latn;language=dflt;+tlig;!
Missing character: There is no و (U+0648) in font TeXGyrePagella:mode=node;scr
ipt=latn;language=dflt;+tlig;!
Missing character: There is no ي (U+064A) in font TeXGyrePagella:mode=node;scr
ipt=latn;language=dflt;+tlig;!
Missing character: There is no ر (U+0631) in font TeXGyrePagella:mode=node;scr
ipt=latn;language=dflt;+tlig;!
Missing character: There is no أ (U+0623) in font TeXGyrePagella:mode=node;scr
ipt=latn;language=dflt;+tlig;!
Missing character: There is no غ (U+063A) in font TeXGyrePagella:mode=node;scr
ipt=latn;language=dflt;+tlig;!
Missing character: There is no ر (U+0631) in font TeXGyrePagella:mode=node;scr
ipt=latn;language=dflt;+tlig;!
Missing character: There is no ا (U+0627) in font TeXGyrePagella:mode=node;scr
ipt=latn;language=dflt;+tlig;!
Missing character: There is no ض (U+0636) in font TeXGyrePagella:mode=node;scr
ipt=latn;language=dflt;+tlig;!
]

Package fancyhdr Warning: \headheight is too small (14.0pt): 
(fancyhdr)                Make it at least 24.01996pt, for example:
(fancyhdr)                \setlength{\headheight}{24.01996pt}.
(fancyhdr)                You might also make \topmargin smaller to compensate:

(fancyhdr)                \addtolength{\topmargin}{-10.01996pt}.

[6])

Package fancyhdr Warning: \headheight is too small (14.0pt): 
(fancyhdr)                Make it at least 24.01996pt, for example:
(fancyhdr)                \setlength{\headheight}{24.01996pt}.
(fancyhdr)                You might also make \topmargin smaller to compensate:

(fancyhdr)                \addtolength{\topmargin}{-10.01996pt}.

[7] (./chapters/ch02_classical_poetry.tex
Chapter 2.


Package hyperref Warning: Token not allowed in a PDF string (Unicode):
(hyperref)                removing `\Arabic' on input line 10.


Overfull \hbox (3.95145pt too wide) in paragraph at lines 37--38
\TU/TeXGyrePagella(0)/b/n/12 Bi-nary no-ta-tion con-ven-tion: \TU/TeXGyrePagell
a(0)/m/n/12 Through-out this doc-u-ment, \TU/TeXGyrePagella(0)/b/n/12 1 \TU/TeX
GyrePagella(0)/m/n/12 de-notes a mov-ing ([]\TU/Amiri(0)/m/n/12 متحرك[][]\
TU/TeXGyrePagella(0)/m/n/12 )
 [8]
Overfull \hbox (10.89294pt too wide) in paragraph at lines 62--62
[]|\TU/TeXGyrePagella(0)/b/n/12 Com-

Underfull \hbox (badness 10000) in paragraph at lines 62--62
\TU/TeXGyrePagella(0)/b/n/12 po-

Overfull \hbox (10.88095pt too wide) in paragraph at lines 62--62
\TU/TeXGyrePagella(0)/b/n/12 nents| 

Overfull \hbox (15.23695pt too wide) in paragraph at lines 62--62
[]|\TU/TeXGyrePagella(0)/m/n/12 Watad

Overfull \hbox (1.48494pt too wide) in paragraph at lines 62--62
\TU/TeXGyrePagella(0)/m/n/12 ma-

Overfull \hbox (4.62892pt too wide) in paragraph at lines 62--62
\TU/TeXGyrePagella(0)/m/n/12 jmu’

Underfull \hbox (badness 10000) in paragraph at lines 62--62
\TU/TeXGyrePagella(0)/m/n/12 +

Overfull \hbox (11.25294pt too wide) in paragraph at lines 62--62
\TU/TeXGyrePagella(0)/m/n/12 sabab

Overfull \hbox (11.80493pt too wide) in paragraph at lines 62--62
\TU/TeXGyrePagella(0)/m/n/12 khafif| 

Overfull \hbox (15.23695pt too wide) in paragraph at lines 62--62
[]|\TU/TeXGyrePagella(0)/m/n/12 Watad

Overfull \hbox (1.48494pt too wide) in paragraph at lines 62--62
\TU/TeXGyrePagella(0)/m/n/12 ma-

Overfull \hbox (4.62892pt too wide) in paragraph at lines 62--62
\TU/TeXGyrePagella(0)/m/n/12 jmu’

Underfull \hbox (badness 10000) in paragraph at lines 62--62
\TU/TeXGyrePagella(0)/m/n/12 +

Overfull \hbox (11.25294pt too wide) in paragraph at lines 62--62
\TU/TeXGyrePagella(0)/m/n/12 sabab

Overfull \hbox (11.62494pt too wide) in paragraph at lines 62--62
\TU/TeXGyrePagella(0)/m/n/12 thaqil

Underfull \hbox (badness 10000) in paragraph at lines 62--62
\TU/TeXGyrePagella(0)/m/n/12 +

Overfull \hbox (11.25294pt too wide) in paragraph at lines 62--62
\TU/TeXGyrePagella(0)/m/n/12 sabab

Overfull \hbox (11.80493pt too wide) in paragraph at lines 62--62
\TU/TeXGyrePagella(0)/m/n/12 khafif| 

Overfull \hbox (15.23695pt too wide) in paragraph at lines 62--62
[]|\TU/TeXGyrePagella(0)/m/n/12 Watad

Overfull \hbox (1.48494pt too wide) in paragraph at lines 62--62
\TU/TeXGyrePagella(0)/m/n/12 ma-

Overfull \hbox (4.62892pt too wide) in paragraph at lines 62--62
\TU/TeXGyrePagella(0)/m/n/12 jmu’

Underfull \hbox (badness 10000) in paragraph at lines 62--62
\TU/TeXGyrePagella(0)/m/n/12 +

Overfull \hbox (8.79295pt too wide) in paragraph at lines 62--62
\TU/TeXGyrePagella(0)/m/n/12 fasila

Overfull \hbox (17.43294pt too wide) in paragraph at lines 62--62
\TU/TeXGyrePagella(0)/m/n/12 sughra

Underfull \hbox (badness 10000) in paragraph at lines 62--62
\TU/TeXGyrePagella(0)/m/n/12 +

Overfull \hbox (12.46495pt too wide) in paragraph at lines 62--62
[]|\TU/TeXGyrePagella(0)/m/n/12 Sabab

Overfull \hbox (11.80493pt too wide) in paragraph at lines 62--62
\TU/TeXGyrePagella(0)/m/n/12 khafif

Underfull \hbox (badness 10000) in paragraph at lines 62--62
\TU/TeXGyrePagella(0)/m/n/12 +

Overfull \hbox (13.78494pt too wide) in paragraph at lines 62--62
\TU/TeXGyrePagella(0)/m/n/12 watad

Overfull \hbox (1.48494pt too wide) in paragraph at lines 62--62
\TU/TeXGyrePagella(0)/m/n/12 ma-

Overfull \hbox (4.62892pt too wide) in paragraph at lines 62--62
\TU/TeXGyrePagella(0)/m/n/12 jmu’| 

Overfull \hbox (12.46495pt too wide) in paragraph at lines 62--62
[]|\TU/TeXGyrePagella(0)/m/n/12 Sabab

Overfull \hbox (11.80493pt too wide) in paragraph at lines 62--62
\TU/TeXGyrePagella(0)/m/n/12 khafif

Underfull \hbox (badness 10000) in paragraph at lines 62--62
\TU/TeXGyrePagella(0)/m/n/12 +

Overfull \hbox (13.78494pt too wide) in paragraph at lines 62--62
\TU/TeXGyrePagella(0)/m/n/12 watad

Overfull \hbox (1.48494pt too wide) in paragraph at lines 62--62
\TU/TeXGyrePagella(0)/m/n/12 ma-

Overfull \hbox (4.62892pt too wide) in paragraph at lines 62--62
\TU/TeXGyrePagella(0)/m/n/12 jmu’

Underfull \hbox (badness 10000) in paragraph at lines 62--62
\TU/TeXGyrePagella(0)/m/n/12 +

Overfull \hbox (11.25294pt too wide) in paragraph at lines 62--62
\TU/TeXGyrePagella(0)/m/n/12 sabab

Overfull \hbox (11.80493pt too wide) in paragraph at lines 62--62
\TU/TeXGyrePagella(0)/m/n/12 khafif| 

Overfull \hbox (12.46495pt too wide) in paragraph at lines 62--62
[]|\TU/TeXGyrePagella(0)/m/n/12 Sabab

Overfull \hbox (11.80493pt too wide) in paragraph at lines 62--62
\TU/TeXGyrePagella(0)/m/n/12 khafif

Underfull \hbox (badness 10000) in paragraph at lines 62--62
\TU/TeXGyrePagella(0)/m/n/12 +

Overfull \hbox (11.25294pt too wide) in paragraph at lines 62--62
\TU/TeXGyrePagella(0)/m/n/12 sabab

Overfull \hbox (11.80493pt too wide) in paragraph at lines 62--62
\TU/TeXGyrePagella(0)/m/n/12 khafif

Underfull \hbox (badness 10000) in paragraph at lines 62--62
\TU/TeXGyrePagella(0)/m/n/12 +

Overfull \hbox (13.78494pt too wide) in paragraph at lines 62--62
\TU/TeXGyrePagella(0)/m/n/12 watad

Overfull \hbox (1.48494pt too wide) in paragraph at lines 62--62
\TU/TeXGyrePagella(0)/m/n/12 ma-

Overfull \hbox (4.62892pt too wide) in paragraph at lines 62--62
\TU/TeXGyrePagella(0)/m/n/12 jmu’| 

Overfull \hbox (11.10895pt too wide) in paragraph at lines 62--62
[]|\TU/TeXGyrePagella(0)/m/n/12 Fasila

Overfull \hbox (17.43294pt too wide) in paragraph at lines 62--62
\TU/TeXGyrePagella(0)/m/n/12 sughra

Underfull \hbox (badness 10000) in paragraph at lines 62--62
\TU/TeXGyrePagella(0)/m/n/12 +

Overfull \hbox (13.78494pt too wide) in paragraph at lines 62--62
\TU/TeXGyrePagella(0)/m/n/12 watad

Overfull \hbox (1.48494pt too wide) in paragraph at lines 62--62
\TU/TeXGyrePagella(0)/m/n/12 ma-

Overfull \hbox (4.62892pt too wide) in paragraph at lines 62--62
\TU/TeXGyrePagella(0)/m/n/12 jmu’| 

Overfull \hbox (15.23695pt too wide) in paragraph at lines 62--62
[]|\TU/TeXGyrePagella(0)/m/n/12 Watad

Overfull \hbox (20.30093pt too wide) in paragraph at lines 62--62
\TU/TeXGyrePagella(0)/m/n/12 mafruq

Underfull \hbox (badness 10000) in paragraph at lines 62--62
\TU/TeXGyrePagella(0)/m/n/12 +

Overfull \hbox (11.25294pt too wide) in paragraph at lines 62--62
\TU/TeXGyrePagella(0)/m/n/12 sabab

Overfull \hbox (11.80493pt too wide) in paragraph at lines 62--62
\TU/TeXGyrePagella(0)/m/n/12 khafif| 

Underfull \vbox (badness 10000) has occurred while \output is active

Package fancyhdr Warning: \headheight is too small (14.0pt): 
(fancyhdr)                Make it at least 24.10802pt, for example:
(fancyhdr)                \setlength{\headheight}{24.10802pt}.
(fancyhdr)                You might also make \topmargin smaller to compensate:

(fancyhdr)                \addtolength{\topmargin}{-10.10802pt}.

[9]
Overfull \vbox (298.35902pt too high) has occurred while \output is active

Package fancyhdr Warning: \headheight is too small (14.0pt): 
(fancyhdr)                Make it at least 24.01996pt, for example:
(fancyhdr)                \setlength{\headheight}{24.01996pt}.
(fancyhdr)                You might also make \topmargin smaller to compensate:

(fancyhdr)                \addtolength{\topmargin}{-10.01996pt}.

[10]
Overfull \hbox (7.55902pt too wide) in paragraph at lines 68--69
\TU/TeXGyrePagella(0)/m/n/12 Al-Khalil or-gan-ised the me-ters into five ab-str
act \TU/TeXGyrePagella(0)/b/n/12 prosodic cir-cles \TU/TeXGyrePagella(0)/m/n/12
 ([]\TU/Amiri(0)/m/n/12 الدوائر العروضية الخمس[][]\TU/TeXGy
rePagella(0)/m/n/12 ).

Underfull \hbox (badness 10000) in paragraph at lines 85--85
\TU/TeXGyrePagella(0)/m/n/12 Mud-hare, Muq-tad-heb,


Package hyperref Warning: Token not allowed in a PDF string (Unicode):
(hyperref)                removing `\Arabic' on input line 95.


Underfull \vbox (badness 10000) has occurred while \output is active

Package fancyhdr Warning: \headheight is too small (14.0pt): 
(fancyhdr)                Make it at least 24.01996pt, for example:
(fancyhdr)                \setlength{\headheight}{24.01996pt}.
(fancyhdr)                You might also make \topmargin smaller to compensate:

(fancyhdr)                \addtolength{\topmargin}{-10.01996pt}.

[11]

Package hyperref Warning: Token not allowed in a PDF string (Unicode):
(hyperref)                removing `\Arabic' on input line 123.


Underfull \vbox (badness 10000) has occurred while \output is active

Package fancyhdr Warning: \headheight is too small (14.0pt): 
(fancyhdr)                Make it at least 24.01996pt, for example:
(fancyhdr)                \setlength{\headheight}{24.01996pt}.
(fancyhdr)                You might also make \topmargin smaller to compensate:

(fancyhdr)                \addtolength{\topmargin}{-10.01996pt}.

[12
Missing character: There is no ع (U+0639) in font TeXGyrePagella/B:mode=node;s
cript=latn;language=dflt;+tlig;!
Missing character: There is no ر (U+0631) in font TeXGyrePagella/B:mode=node;s
cript=latn;language=dflt;+tlig;!
Missing character: There is no و (U+0648) in font TeXGyrePagella/B:mode=node;s
cript=latn;language=dflt;+tlig;!
Missing character: There is no ض (U+0636) in font TeXGyrePagella/B:mode=node;s
cript=latn;language=dflt;+tlig;!
Missing character: There is no ض (U+0636) in font TeXGyrePagella/B:mode=node;s
cript=latn;language=dflt;+tlig;!
Missing character: There is no ر (U+0631) in font TeXGyrePagella/B:mode=node;s
cript=latn;language=dflt;+tlig;!
Missing character: There is no ب (U+0628) in font TeXGyrePagella/B:mode=node;s
cript=latn;language=dflt;+tlig;!
]

Package hyperref Warning: Token not allowed in a PDF string (Unicode):
(hyperref)                removing `\Arabic' on input line 151.


Underfull \vbox (badness 10000) has occurred while \output is active

Package fancyhdr Warning: \headheight is too small (14.0pt): 
(fancyhdr)                Make it at least 24.01996pt, for example:
(fancyhdr)                \setlength{\headheight}{24.01996pt}.
(fancyhdr)                You might also make \topmargin smaller to compensate:

(fancyhdr)                \addtolength{\topmargin}{-10.01996pt}.

[13]

Package hyperref Warning: Token not allowed in a PDF string (Unicode):
(hyperref)                removing `\Arabic' on input line 179.


Underfull \vbox (badness 10000) has occurred while \output is active

Package fancyhdr Warning: \headheight is too small (14.0pt): 
(fancyhdr)                Make it at least 24.01996pt, for example:
(fancyhdr)                \setlength{\headheight}{24.01996pt}.
(fancyhdr)                You might also make \topmargin smaller to compensate:

(fancyhdr)                \addtolength{\topmargin}{-10.01996pt}.

[14
Missing character: There is no إ (U+0625) in font TeXGyrePagella:mode=node;scr
ipt=latn;language=dflt;+tlig;!
Missing character: There is no ض (U+0636) in font TeXGyrePagella:mode=node;scr
ipt=latn;language=dflt;+tlig;!
Missing character: There is no م (U+0645) in font TeXGyrePagella:mode=node;scr
ipt=latn;language=dflt;+tlig;!
Missing character: There is no ا (U+0627) in font TeXGyrePagella:mode=node;scr
ipt=latn;language=dflt;+tlig;!
Missing character: There is no ر (U+0631) in font TeXGyrePagella:mode=node;scr
ipt=latn;language=dflt;+tlig;!
Missing character: There is no و (U+0648) in font TeXGyrePagella:mode=node;scr
ipt=latn;language=dflt;+tlig;!
Missing character: There is no ق (U+0642) in font TeXGyrePagella:mode=node;scr
ipt=latn;language=dflt;+tlig;!
Missing character: There is no ص (U+0635) in font TeXGyrePagella:mode=node;scr
ipt=latn;language=dflt;+tlig;!
]

Package hyperref Warning: Token not allowed in a PDF string (Unicode):
(hyperref)                removing `\Arabic' on input line 201.


Underfull \vbox (badness 10000) has occurred while \output is active

Package fancyhdr Warning: \headheight is too small (14.0pt): 
(fancyhdr)                Make it at least 24.01996pt, for example:
(fancyhdr)                \setlength{\headheight}{24.01996pt}.
(fancyhdr)                You might also make \topmargin smaller to compensate:

(fancyhdr)                \addtolength{\topmargin}{-10.01996pt}.

[15]

Package hyperref Warning: Token not allowed in a PDF string (Unicode):
(hyperref)                removing `\Arabic' on input line 223.



Package hyperref Warning: Token not allowed in a PDF string (Unicode):
(hyperref)                removing `\Arabic' on input line 245.



Package fancyhdr Warning: \headheight is too small (14.0pt): 
(fancyhdr)                Make it at least 24.01996pt, for example:
(fancyhdr)                \setlength{\headheight}{24.01996pt}.
(fancyhdr)                You might also make \topmargin smaller to compensate:

(fancyhdr)                \addtolength{\topmargin}{-10.01996pt}.

[16
Missing character: There is no خ (U+062E) in font TeXGyrePagella:mode=node;scr
ipt=latn;language=dflt;+tlig;!
Missing character: There is no ب (U+0628) in font TeXGyrePagella:mode=node;scr
ipt=latn;language=dflt;+tlig;!
Missing character: There is no ن (U+0646) in font TeXGyrePagella:mode=node;scr
ipt=latn;language=dflt;+tlig;!
Missing character: There is no ط (U+0637) in font TeXGyrePagella:mode=node;scr
ipt=latn;language=dflt;+tlig;!
Missing character: There is no ي (U+064A) in font TeXGyrePagella:mode=node;scr
ipt=latn;language=dflt;+tlig;!
]

Package hyperref Warning: Token not allowed in a PDF string (Unicode):
(hyperref)                removing `\Arabic' on input line 267.



Package hyperref Warning: Token not allowed in a PDF string (Unicode):
(hyperref)                removing `\Arabic' on input line 289.



Package fancyhdr Warning: \headheight is too small (14.0pt): 
(fancyhdr)                Make it at least 24.01996pt, for example:
(fancyhdr)                \setlength{\headheight}{24.01996pt}.
(fancyhdr)                You might also make \topmargin smaller to compensate:

(fancyhdr)                \addtolength{\topmargin}{-10.01996pt}.

[17]

Package hyperref Warning: Token not allowed in a PDF string (Unicode):
(hyperref)                removing `\Arabic' on input line 310.


Underfull \vbox (badness 10000) has occurred while \output is active

Package fancyhdr Warning: \headheight is too small (14.0pt): 
(fancyhdr)                Make it at least 24.01996pt, for example:
(fancyhdr)                \setlength{\headheight}{24.01996pt}.
(fancyhdr)                You might also make \topmargin smaller to compensate:

(fancyhdr)                \addtolength{\topmargin}{-10.01996pt}.

[18
Missing character: There is no خ (U+062E) in font TeXGyrePagella:mode=node;scr
ipt=latn;language=dflt;+tlig;!
Missing character: There is no ب (U+0628) in font TeXGyrePagella:mode=node;scr
ipt=latn;language=dflt;+tlig;!
Missing character: There is no ن (U+0646) in font TeXGyrePagella:mode=node;scr
ipt=latn;language=dflt;+tlig;!
Missing character: There is no ط (U+0637) in font TeXGyrePagella:mode=node;scr
ipt=latn;language=dflt;+tlig;!
Missing character: There is no ي (U+064A) in font TeXGyrePagella:mode=node;scr
ipt=latn;language=dflt;+tlig;!
]

Package hyperref Warning: Token not allowed in a PDF string (Unicode):
(hyperref)                removing `\Arabic' on input line 338.


Underfull \vbox (badness 10000) has occurred while \output is active

Package fancyhdr Warning: \headheight is too small (14.0pt): 
(fancyhdr)                Make it at least 24.01996pt, for example:
(fancyhdr)                \setlength{\headheight}{24.01996pt}.
(fancyhdr)                You might also make \topmargin smaller to compensate:

(fancyhdr)                \addtolength{\topmargin}{-10.01996pt}.

[19]

Package hyperref Warning: Token not allowed in a PDF string (Unicode):
(hyperref)                removing `\Arabic' on input line 360.


Underfull \hbox (badness 2582) in paragraph at lines 383--383
[]|\TU/TeXGyrePagella(0)/m/n/12 The main rhyme con-so-nant; de-fines the

Underfull \vbox (badness 10000) has occurred while \output is active

Package fancyhdr Warning: \headheight is too small (14.0pt): 
(fancyhdr)                Make it at least 24.01996pt, for example:
(fancyhdr)                \setlength{\headheight}{24.01996pt}.
(fancyhdr)                You might also make \topmargin smaller to compensate:

(fancyhdr)                \addtolength{\topmargin}{-10.01996pt}.

[20]

Package hyperref Warning: Token not allowed in a PDF string (Unicode):
(hyperref)                removing `\Arabic' on input line 386.



Package hyperref Warning: Token not allowed in a PDF string (Unicode):
(hyperref)                removing `\Arabic' on input line 396.


Underfull \vbox (badness 10000) has occurred while \output is active

Package fancyhdr Warning: \headheight is too small (14.0pt): 
(fancyhdr)                Make it at least 24.01996pt, for example:
(fancyhdr)                \setlength{\headheight}{24.01996pt}.
(fancyhdr)                You might also make \topmargin smaller to compensate:

(fancyhdr)                \addtolength{\topmargin}{-10.01996pt}.

[21]
Underfull \hbox (badness 10000) in paragraph at lines 434--434
[]|\TU/TeXGyrePagella(0)/m/n/12 One vowel be-

Underfull \hbox (badness 10000) in paragraph at lines 434--434
\TU/TeXGyrePagella(0)/m/n/12 tween last two

Underfull \hbox (badness 2903) in paragraph at lines 434--434
[]|\TU/TeXGyrePagella(0)/m/n/12 Two vow-els be-

Underfull \hbox (badness 10000) in paragraph at lines 434--434
\TU/TeXGyrePagella(0)/m/n/12 tween last two

Underfull \hbox (badness 10000) in paragraph at lines 434--434
[]|\TU/TeXGyrePagella(0)/m/n/12 Three vow-els

Underfull \hbox (badness 10000) in paragraph at lines 434--434
[]|\TU/TeXGyrePagella(0)/m/n/12 Four vow-els

Underfull \hbox (badness 1112) in paragraph at lines 434--434
[]|\TU/TeXGyrePagella(0)/m/n/12 Two con-sec-u-tive


Package hyperref Warning: Token not allowed in a PDF string (Unicode):
(hyperref)                removing `\Arabic' on input line 438.



Package fancyhdr Warning: \headheight is too small (14.0pt): 
(fancyhdr)                Make it at least 24.01996pt, for example:
(fancyhdr)                \setlength{\headheight}{24.01996pt}.
(fancyhdr)                You might also make \topmargin smaller to compensate:

(fancyhdr)                \addtolength{\topmargin}{-10.01996pt}.

[22]

Package hyperref Warning: Token not allowed in a PDF string (Unicode):
(hyperref)                removing `\Arabic' on input line 464.



Package hyperref Warning: Token not allowed in a PDF string (Unicode):
(hyperref)                removing `\Arabic' on input line 467.



Package fancyhdr Warning: \headheight is too small (14.0pt): 
(fancyhdr)                Make it at least 24.01996pt, for example:
(fancyhdr)                \setlength{\headheight}{24.01996pt}.
(fancyhdr)                You might also make \topmargin smaller to compensate:

(fancyhdr)                \addtolength{\topmargin}{-10.01996pt}.

[23
Missing character: There is no غ (U+063A) in font TeXGyrePagella:mode=node;scr
ipt=latn;language=dflt;+tlig;!
Missing character: There is no ر (U+0631) in font TeXGyrePagella:mode=node;scr
ipt=latn;language=dflt;+tlig;!
Missing character: There is no ض (U+0636) in font TeXGyrePagella:mode=node;scr
ipt=latn;language=dflt;+tlig;!
]

Package hyperref Warning: Token not allowed in a PDF string (Unicode):
(hyperref)                removing `\Arabic' on input line 493.



Package fancyhdr Warning: \headheight is too small (14.0pt): 
(fancyhdr)                Make it at least 24.01996pt, for example:
(fancyhdr)                \setlength{\headheight}{24.01996pt}.
(fancyhdr)                You might also make \topmargin smaller to compensate:

(fancyhdr)                \addtolength{\topmargin}{-10.01996pt}.

[24
Missing character: There is no غ (U+063A) in font TeXGyrePagella:mode=node;scr
ipt=latn;language=dflt;+tlig;!
Missing character: There is no ر (U+0631) in font TeXGyrePagella:mode=node;scr
ipt=latn;language=dflt;+tlig;!
Missing character: There is no ض (U+0636) in font TeXGyrePagella:mode=node;scr
ipt=latn;language=dflt;+tlig;!
]

Package hyperref Warning: Token not allowed in a PDF string (Unicode):
(hyperref)                removing `\Arabic' on input line 507.



Package hyperref Warning: Token not allowed in a PDF string (Unicode):
(hyperref)                removing `\Arabic' on input line 526.


Overfull \hbox (17.80812pt too wide) in paragraph at lines 533--534
[]\TU/TeXGyrePagella(0)/b/n/12 Fa-mous po-et-ess: al-Khansa’ \TU/TeXGyrePagel
la(0)/m/n/12 ([]\TU/Amiri(0)/m/n/12 الخنساء[][]\TU/TeXGyrePagella(0)/m/n
/12 ) — her ele-gies for her broth-ers Sakhr and Mu’awiya


Package hyperref Warning: Token not allowed in a PDF string (Unicode):
(hyperref)                removing `\Arabic' on input line 542.



Package fancyhdr Warning: \headheight is too small (14.0pt): 
(fancyhdr)                Make it at least 27.23094pt, for example:
(fancyhdr)                \setlength{\headheight}{27.23094pt}.
(fancyhdr)                You might also make \topmargin smaller to compensate:

(fancyhdr)                \addtolength{\topmargin}{-13.23094pt}.

[25]

Package hyperref Warning: Token not allowed in a PDF string (Unicode):
(hyperref)                removing `\Arabic' on input line 547.


Overfull \hbox (0.645pt too wide) in paragraph at lines 550--551
\TU/TeXGyrePagella(0)/m/n/12 Philo-soph-i-cal and moral apho-risms in verse. Br
ief, mem-o-rable, self-contained verses.

Overfull \hbox (2.0823pt too wide) in paragraph at lines 550--551
\TU/TeXGyrePagella(0)/m/n/12 Fa-mous: Zuhair ibn Abi Sulma’s []\TU/Amiri(0)/m
/n/12 معلقة[][]\TU/TeXGyrePagella(0)/m/n/12 , Imru’ al-Qays’s philo-so
ph-i-cal lines, the gnomic


Package hyperref Warning: Token not allowed in a PDF string (Unicode):
(hyperref)                removing `\Arabic' on input line 554.



Package hyperref Warning: Token not allowed in a PDF string (Unicode):
(hyperref)                removing `\Arabic' on input line 559.



Package hyperref Warning: Token not allowed in a PDF string (Unicode):
(hyperref)                removing `\Arabic' on input line 564.


Underfull \vbox (badness 1755) has occurred while \output is active

Package fancyhdr Warning: \headheight is too small (14.0pt): 
(fancyhdr)                Make it at least 24.01996pt, for example:
(fancyhdr)                \setlength{\headheight}{24.01996pt}.
(fancyhdr)                You might also make \topmargin smaller to compensate:

(fancyhdr)                \addtolength{\topmargin}{-10.01996pt}.

[26]

Package hyperref Warning: Token not allowed in a PDF string (Unicode):
(hyperref)                removing `\Arabic' on input line 589.



Package hyperref Warning: Token not allowed in a PDF string (Unicode):
(hyperref)                removing `\Arabic' on input line 594.



Package hyperref Warning: Token not allowed in a PDF string (Unicode):
(hyperref)                removing `\Arabic' on input line 611.


Underfull \vbox (badness 1931) has occurred while \output is active

Package fancyhdr Warning: \headheight is too small (14.0pt): 
(fancyhdr)                Make it at least 27.10501pt, for example:
(fancyhdr)                \setlength{\headheight}{27.10501pt}.
(fancyhdr)                You might also make \topmargin smaller to compensate:

(fancyhdr)                \addtolength{\topmargin}{-13.10501pt}.

[27
Missing character: There is no م (U+0645) in font TeXGyrePagella:mode=node;scr
ipt=latn;language=dflt;+tlig;!
Missing character: There is no ع (U+0639) in font TeXGyrePagella:mode=node;scr
ipt=latn;language=dflt;+tlig;!
Missing character: There is no ا (U+0627) in font TeXGyrePagella:mode=node;scr
ipt=latn;language=dflt;+tlig;!
Missing character: There is no ر (U+0631) in font TeXGyrePagella:mode=node;scr
ipt=latn;language=dflt;+tlig;!
Missing character: There is no ض (U+0636) in font TeXGyrePagella:mode=node;scr
ipt=latn;language=dflt;+tlig;!
Missing character: There is no ة (U+0629) in font TeXGyrePagella:mode=node;scr
ipt=latn;language=dflt;+tlig;!
Missing character: There is no م (U+0645) in font TeXGyrePagella:mode=node;scr
ipt=latn;language=dflt;+tlig;!
Missing character: There is no ع (U+0639) in font TeXGyrePagella:mode=node;scr
ipt=latn;language=dflt;+tlig;!
Missing character: There is no ا (U+0627) in font TeXGyrePagella:mode=node;scr
ipt=latn;language=dflt;+tlig;!
Missing character: There is no ر (U+0631) in font TeXGyrePagella:mode=node;scr
ipt=latn;language=dflt;+tlig;!
Missing character: There is no ض (U+0636) in font TeXGyrePagella:mode=node;scr
ipt=latn;language=dflt;+tlig;!
Missing character: There is no ة (U+0629) in font TeXGyrePagella:mode=node;scr
ipt=latn;language=dflt;+tlig;!
Missing character: There is no م (U+0645) in font TeXGyrePagella:mode=node;scr
ipt=latn;language=dflt;+tlig;!
Missing character: There is no ع (U+0639) in font TeXGyrePagella:mode=node;scr
ipt=latn;language=dflt;+tlig;!
Missing character: There is no ا (U+0627) in font TeXGyrePagella:mode=node;scr
ipt=latn;language=dflt;+tlig;!
Missing character: There is no ر (U+0631) in font TeXGyrePagella:mode=node;scr
ipt=latn;language=dflt;+tlig;!
Missing character: There is no ض (U+0636) in font TeXGyrePagella:mode=node;scr
ipt=latn;language=dflt;+tlig;!
Missing character: There is no ة (U+0629) in font TeXGyrePagella:mode=node;scr
ipt=latn;language=dflt;+tlig;!
Missing character: There is no م (U+0645) in font TeXGyrePagella:mode=node;scr
ipt=latn;language=dflt;+tlig;!
Missing character: There is no ع (U+0639) in font TeXGyrePagella:mode=node;scr
ipt=latn;language=dflt;+tlig;!
Missing character: There is no ا (U+0627) in font TeXGyrePagella:mode=node;scr
ipt=latn;language=dflt;+tlig;!
Missing character: There is no ر (U+0631) in font TeXGyrePagella:mode=node;scr
ipt=latn;language=dflt;+tlig;!
Missing character: There is no ض (U+0636) in font TeXGyrePagella:mode=node;scr
ipt=latn;language=dflt;+tlig;!
Missing character: There is no ة (U+0629) in font TeXGyrePagella:mode=node;scr
ipt=latn;language=dflt;+tlig;!
Missing character: There is no م (U+0645) in font TeXGyrePagella:mode=node;scr
ipt=latn;language=dflt;+tlig;!
Missing character: There is no ع (U+0639) in font TeXGyrePagella:mode=node;scr
ipt=latn;language=dflt;+tlig;!
Missing character: There is no ا (U+0627) in font TeXGyrePagella:mode=node;scr
ipt=latn;language=dflt;+tlig;!
Missing character: There is no ر (U+0631) in font TeXGyrePagella:mode=node;scr
ipt=latn;language=dflt;+tlig;!
Missing character: There is no ض (U+0636) in font TeXGyrePagella:mode=node;scr
ipt=latn;language=dflt;+tlig;!
Missing character: There is no ا (U+0627) in font TeXGyrePagella:mode=node;scr
ipt=latn;language=dflt;+tlig;!
Missing character: There is no ت (U+062A) in font TeXGyrePagella:mode=node;scr
ipt=latn;language=dflt;+tlig;!
]

Package hyperref Warning: Token not allowed in a PDF string (Unicode):
(hyperref)                removing `\Arabic' on input line 625.



Package hyperref Warning: Token not allowed in a PDF string (Unicode):
(hyperref)                removing `\Arabic' on input line 638.



Package fancyhdr Warning: \headheight is too small (14.0pt): 
(fancyhdr)                Make it at least 24.01996pt, for example:
(fancyhdr)                \setlength{\headheight}{24.01996pt}.
(fancyhdr)                You might also make \topmargin smaller to compensate:

(fancyhdr)                \addtolength{\topmargin}{-10.01996pt}.

[28
Missing character: There is no ت (U+062A) in font TeXGyrePagella/B:mode=node;s
cript=latn;language=dflt;+tlig;!
Missing character: There is no ش (U+0634) in font TeXGyrePagella/B:mode=node;s
cript=latn;language=dflt;+tlig;!
Missing character: There is no ط (U+0637) in font TeXGyrePagella/B:mode=node;s
cript=latn;language=dflt;+tlig;!
Missing character: There is no ي (U+064A) in font TeXGyrePagella/B:mode=node;s
cript=latn;language=dflt;+tlig;!
Missing character: There is no ر (U+0631) in font TeXGyrePagella/B:mode=node;s
cript=latn;language=dflt;+tlig;!
]

Package hyperref Warning: Token not allowed in a PDF string (Unicode):
(hyperref)                removing `\Arabic' on input line 659.



Package hyperref Warning: Token not allowed in a PDF string (Unicode):
(hyperref)                removing `\Arabic' on input line 673.


Underfull \vbox (badness 10000) has occurred while \output is active

Package fancyhdr Warning: \headheight is too small (14.0pt): 
(fancyhdr)                Make it at least 27.10501pt, for example:
(fancyhdr)                \setlength{\headheight}{27.10501pt}.
(fancyhdr)                You might also make \topmargin smaller to compensate:

(fancyhdr)                \addtolength{\topmargin}{-13.10501pt}.

[29]

Package hyperref Warning: Token not allowed in a PDF string (Unicode):
(hyperref)                removing `\Arabic' on input line 689.



Package hyperref Warning: Token not allowed in a PDF string (Unicode):
(hyperref)                removing `\Arabic' on input line 713.



Package fancyhdr Warning: \headheight is too small (14.0pt): 
(fancyhdr)                Make it at least 24.01996pt, for example:
(fancyhdr)                \setlength{\headheight}{24.01996pt}.
(fancyhdr)                You might also make \topmargin smaller to compensate:

(fancyhdr)                \addtolength{\topmargin}{-10.01996pt}.

[30
Missing character: There is no ك (U+0643) in font TeXGyrePagella:mode=node;scr
ipt=latn;language=dflt;+tlig;!
Missing character: There is no أ (U+0623) in font TeXGyrePagella:mode=node;scr
ipt=latn;language=dflt;+tlig;!
Missing character: There is no ن (U+0646) in font TeXGyrePagella:mode=node;scr
ipt=latn;language=dflt;+tlig;!
Missing character: There is no م (U+0645) in font TeXGyrePagella:mode=node;scr
ipt=latn;language=dflt;+tlig;!
Missing character: There is no ث (U+062B) in font TeXGyrePagella:mode=node;scr
ipt=latn;language=dflt;+tlig;!
Missing character: There is no ل (U+0644) in font TeXGyrePagella:mode=node;scr
ipt=latn;language=dflt;+tlig;!
]

Package fancyhdr Warning: \headheight is too small (14.0pt): 
(fancyhdr)                Make it at least 27.10501pt, for example:
(fancyhdr)                \setlength{\headheight}{27.10501pt}.
(fancyhdr)                You might also make \topmargin smaller to compensate:

(fancyhdr)                \addtolength{\topmargin}{-13.10501pt}.

[31]

Package fancyhdr Warning: \headheight is too small (14.0pt): 
(fancyhdr)                Make it at least 24.01996pt, for example:
(fancyhdr)                \setlength{\headheight}{24.01996pt}.
(fancyhdr)                You might also make \topmargin smaller to compensate:

(fancyhdr)                \addtolength{\topmargin}{-10.01996pt}.

[32]

Package fancyhdr Warning: \headheight is too small (14.0pt): 
(fancyhdr)                Make it at least 27.10501pt, for example:
(fancyhdr)                \setlength{\headheight}{27.10501pt}.
(fancyhdr)                You might also make \topmargin smaller to compensate:

(fancyhdr)                \addtolength{\topmargin}{-13.10501pt}.

[33])

Package fancyhdr Warning: \headheight is too small (14.0pt): 
(fancyhdr)                Make it at least 24.01996pt, for example:
(fancyhdr)                \setlength{\headheight}{24.01996pt}.
(fancyhdr)                You might also make \topmargin smaller to compensate:

(fancyhdr)                \addtolength{\topmargin}{-10.01996pt}.

[34] (./chapters/ch03_nabati_poetry.tex
Chapter 3.
 [35]

Package hyperref Warning: Token not allowed in a PDF string (Unicode):
(hyperref)                removing `\Arabic' on input line 33.


Underfull \hbox (badness 10000) in paragraph at lines 51--51
[]|\TU/TeXGyrePagella(0)/b/n/12 Clas-si-cal Ana-

Underfull \hbox (badness 4454) in paragraph at lines 51--51
[]|\TU/TeXGyrePagella(0)/m/n/12 Nar-ra-tive, tribal

Underfull \hbox (badness 10000) in paragraph at lines 51--51
[]|\TU/TeXGyrePagella(0)/m/n/12 Camel-driving,

Underfull \hbox (badness 10000) in paragraph at lines 51--51
[]|\TU/TeXGyrePagella(0)/m/n/12 Light verse,

Underfull \hbox (badness 10000) in paragraph at lines 51--51
[]|\TU/TeXGyrePagella(0)/m/n/12 Hilali-derived

Underfull \hbox (badness 10000) in paragraph at lines 51--51
[]|\TU/TeXGyrePagella(0)/m/n/12 The dom-i-nant

Underfull \hbox (badness 10000) in paragraph at lines 51--51
\TU/TeXGyrePagella(0)/m/n/12 Nabati me-ter

Underfull \hbox (badness 10000) in paragraph at lines 51--51
[]|\TU/TeXGyrePagella(0)/m/n/12 Sari’/Baseet

Underfull \hbox (badness 10000) in paragraph at lines 51--51
[]|\TU/TeXGyrePagella(0)/m/n/12 Camel-riding,


Package hyperref Warning: Token not allowed in a PDF string (Unicode):
(hyperref)                removing `\Arabic' on input line 54.


Underfull \hbox (badness 10000) in paragraph at lines 72--72
[]|\TU/TeXGyrePagella(0)/m/n/12 Linked to Mash-hub;

Underfull \hbox (badness 10000) in paragraph at lines 72--72
\TU/TeXGyrePagella(0)/m/n/12 noc-tur-nal gath-er-ing

Underfull \hbox (badness 10000) in paragraph at lines 72--72
[]|\TU/Amiri(0)/m/n/12 مستفعلن فاعلن مستفعلن

Underfull \hbox (badness 10000) in paragraph at lines 72--72
[]|\TU/TeXGyrePagella(0)/m/n/12 In-no-vated by Ibn

Underfull \hbox (badness 10000) in paragraph at lines 72--72
[]|\TU/TeXGyrePagella(0)/m/n/12 Muwashshahat-like

Underfull \vbox (badness 10000) has occurred while \output is active

Package fancyhdr Warning: \headheight is too small (14.0pt): 
(fancyhdr)                Make it at least 24.01996pt, for example:
(fancyhdr)                \setlength{\headheight}{24.01996pt}.
(fancyhdr)                You might also make \topmargin smaller to compensate:

(fancyhdr)                \addtolength{\topmargin}{-10.01996pt}.

[36]

Package hyperref Warning: Token not allowed in a PDF string (Unicode):
(hyperref)                removing `\Arabic' on input line 76.


Underfull \vbox (badness 10000) has occurred while \output is active

Package fancyhdr Warning: \headheight is too small (14.0pt): 
(fancyhdr)                Make it at least 24.01996pt, for example:
(fancyhdr)                \setlength{\headheight}{24.01996pt}.
(fancyhdr)                You might also make \topmargin smaller to compensate:

(fancyhdr)                \addtolength{\topmargin}{-10.01996pt}.

[37]

Package hyperref Warning: Token not allowed in a PDF string (Unicode):
(hyperref)                removing `\Arabic' on input line 101.


Underfull \hbox (badness 10000) in paragraph at lines 117--117
[]|\TU/TeXGyrePagella(0)/m/n/12 Old-est Nabati po-ems; hero-ic/his-tor-i-cal

Underfull \hbox (badness 6412) in paragraph at lines 117--117
[]|\TU/TeXGyrePagella(0)/m/n/12 Re-lated to clas-si-cal Taweel but re-alised


Package hyperref Warning: Token not allowed in a PDF string (Unicode):
(hyperref)                removing `\Arabic' on input line 120.



Package fancyhdr Warning: \headheight is too small (14.0pt): 
(fancyhdr)                Make it at least 24.01996pt, for example:
(fancyhdr)                \setlength{\headheight}{24.01996pt}.
(fancyhdr)                You might also make \topmargin smaller to compensate:

(fancyhdr)                \addtolength{\topmargin}{-10.01996pt}.

[38]

Package hyperref Warning: Token not allowed in a PDF string (Unicode):
(hyperref)                removing `\Arabic' on input line 152.


Underfull \hbox (badness 6300) in paragraph at lines 176--176
[]|\TU/TeXGyrePagella(0)/m/n/12 The Nabati equiv-a-lent of madih;

Underfull \hbox (badness 1383) in paragraph at lines 176--176
\TU/TeXGyrePagella(0)/m/n/12 praises tribal lead-ers and war-riors

Underfull \hbox (badness 7981) in paragraph at lines 176--176
[]|\TU/TeXGyrePagella(0)/m/n/12 Tribal pride; glo-ri-fi-ca-tion of the

Underfull \hbox (badness 2818) in paragraph at lines 176--176
[]|\TU/TeXGyrePagella(0)/m/n/12 In-tense long-ing for the home-land

Underfull \hbox (badness 10000) in paragraph at lines 176--176
[]|\TU/TeXGyrePagella(0)/m/n/12 Di-rect tribal-vs-tribal com-pe-ti-tion;

Underfull \vbox (badness 5939) has occurred while \output is active

Package fancyhdr Warning: \headheight is too small (14.0pt): 
(fancyhdr)                Make it at least 27.23094pt, for example:
(fancyhdr)                \setlength{\headheight}{27.23094pt}.
(fancyhdr)                You might also make \topmargin smaller to compensate:

(fancyhdr)                \addtolength{\topmargin}{-13.23094pt}.

[39
Missing character: There is no أ (U+0623) in font TeXGyrePagella:mode=node;scr
ipt=latn;language=dflt;+tlig;!
Missing character: There is no غ (U+063A) in font TeXGyrePagella:mode=node;scr
ipt=latn;language=dflt;+tlig;!
Missing character: There is no ر (U+0631) in font TeXGyrePagella:mode=node;scr
ipt=latn;language=dflt;+tlig;!
Missing character: There is no ا (U+0627) in font TeXGyrePagella:mode=node;scr
ipt=latn;language=dflt;+tlig;!
Missing character: There is no ض (U+0636) in font TeXGyrePagella:mode=node;scr
ipt=latn;language=dflt;+tlig;!
]

Package hyperref Warning: Token not allowed in a PDF string (Unicode):
(hyperref)                removing `\Arabic' on input line 183.



Package fancyhdr Warning: \headheight is too small (14.0pt): 
(fancyhdr)                Make it at least 24.01996pt, for example:
(fancyhdr)                \setlength{\headheight}{24.01996pt}.
(fancyhdr)                You might also make \topmargin smaller to compensate:

(fancyhdr)                \addtolength{\topmargin}{-10.01996pt}.

[40
Missing character: There is no ه (U+0647) in font TeXGyrePagella:mode=node;scr
ipt=latn;language=dflt;+tlig;!
Missing character: There is no ج (U+062C) in font TeXGyrePagella:mode=node;scr
ipt=latn;language=dflt;+tlig;!
Missing character: There is no ا (U+0627) in font TeXGyrePagella:mode=node;scr
ipt=latn;language=dflt;+tlig;!
Missing character: There is no ء (U+0621) in font TeXGyrePagella:mode=node;scr
ipt=latn;language=dflt;+tlig;!
Missing character: There is no ه (U+0647) in font TeXGyrePagella:mode=node;scr
ipt=latn;language=dflt;+tlig;!
Missing character: There is no ج (U+062C) in font TeXGyrePagella:mode=node;scr
ipt=latn;language=dflt;+tlig;!
Missing character: There is no ا (U+0627) in font TeXGyrePagella:mode=node;scr
ipt=latn;language=dflt;+tlig;!
Missing character: There is no ء (U+0621) in font TeXGyrePagella:mode=node;scr
ipt=latn;language=dflt;+tlig;!
]

Package hyperref Warning: Token not allowed in a PDF string (Unicode):
(hyperref)                removing `\Arabic' on input line 193.



Package hyperref Warning: Token not allowed in a PDF string (Unicode):
(hyperref)                removing `\Arabic' on input line 202.


Underfull \hbox (badness 10000) in paragraph at lines 232--232
[]|\TU/TeXGyrePagella(0)/m/n/12 Foun-da-tional Samri

Underfull \hbox (badness 3919) in paragraph at lines 232--232
\TU/TeXGyrePagella(0)/m/n/12 poet; in-no-vated Bahr

Underfull \hbox (badness 10000) in paragraph at lines 232--232
[]|\TU/TeXGyrePagella(0)/m/n/12 Tribal war-rior poet;

Underfull \hbox (badness 10000) in paragraph at lines 232--232
[]|\TU/TeXGyrePagella(0)/m/n/12 Po-lit-i-cal and tribal

Underfull \hbox (badness 10000) in paragraph at lines 232--232
[]|\TU/TeXGyrePagella(0)/m/n/12 Bridged Nabati and

Underfull \hbox (badness 1112) in paragraph at lines 232--232
\TU/TeXGyrePagella(0)/m/n/12 clas-si-cal; most widely

Underfull \hbox (badness 10000) in paragraph at lines 232--232
\TU/TeXGyrePagella(0)/m/n/12 read mod-ern Saudi

Underfull \hbox (badness 3657) in paragraph at lines 232--232
[]|\TU/TeXGyrePagella(0)/m/n/12 Con-tem-po-rary; dom-i-

Underfull \vbox (badness 10000) has occurred while \output is active

Package fancyhdr Warning: \headheight is too small (14.0pt): 
(fancyhdr)                Make it at least 24.01996pt, for example:
(fancyhdr)                \setlength{\headheight}{24.01996pt}.
(fancyhdr)                You might also make \topmargin smaller to compensate:

(fancyhdr)                \addtolength{\topmargin}{-10.01996pt}.

[41]
Underfull \vbox (badness 10000) has occurred while \output is active

Package fancyhdr Warning: \headheight is too small (14.0pt): 
(fancyhdr)                Make it at least 24.01996pt, for example:
(fancyhdr)                \setlength{\headheight}{24.01996pt}.
(fancyhdr)                You might also make \topmargin smaller to compensate:

(fancyhdr)                \addtolength{\topmargin}{-10.01996pt}.

[42]

Package fancyhdr Warning: \headheight is too small (14.0pt): 
(fancyhdr)                Make it at least 24.01996pt, for example:
(fancyhdr)                \setlength{\headheight}{24.01996pt}.
(fancyhdr)                You might also make \topmargin smaller to compensate:

(fancyhdr)                \addtolength{\topmargin}{-10.01996pt}.

[43]

Package fancyhdr Warning: \headheight is too small (14.0pt): 
(fancyhdr)                Make it at least 24.01996pt, for example:
(fancyhdr)                \setlength{\headheight}{24.01996pt}.
(fancyhdr)                You might also make \topmargin smaller to compensate:

(fancyhdr)                \addtolength{\topmargin}{-10.01996pt}.

[44])

Package fancyhdr Warning: \headheight is too small (14.0pt): 
(fancyhdr)                Make it at least 24.01996pt, for example:
(fancyhdr)                \setlength{\headheight}{24.01996pt}.
(fancyhdr)                You might also make \topmargin smaller to compensate:

(fancyhdr)                \addtolength{\topmargin}{-10.01996pt}.

[45] (./chapters/ch04_performance_forms.tex
Chapter 4.


Package hyperref Warning: Token not allowed in a PDF string (Unicode):
(hyperref)                removing `\Arabic' on input line 10.


Underfull \hbox (badness 2119) in paragraph at lines 31--31
[]|\TU/TeXGyrePagella(0)/m/n/12 From []\TU/Amiri(0)/m/n/12 قلط على[][] \T
U/TeXGyrePagella(0)/m/n/12 = ``to ad-

Underfull \hbox (badness 4531) in paragraph at lines 31--31
\TU/TeXGyrePagella(0)/m/n/12 vance to-ward some-one'';
 [46]

Package hyperref Warning: Token not allowed in a PDF string (Unicode):
(hyperref)                removing `\Arabic' on input line 44.



Package fancyhdr Warning: \headheight is too small (14.0pt): 
(fancyhdr)                Make it at least 24.01996pt, for example:
(fancyhdr)                \setlength{\headheight}{24.01996pt}.
(fancyhdr)                You might also make \topmargin smaller to compensate:

(fancyhdr)                \addtolength{\topmargin}{-10.01996pt}.

[47]

Package hyperref Warning: Token not allowed in a PDF string (Unicode):
(hyperref)                removing `\Arabic' on input line 73.


Overfull \hbox (5.14722pt too wide) in paragraph at lines 76--77
[]\TU/TeXGyrePagella(0)/m/it/12 No-ble/el-e-vated ex-change\TU/TeXGyrePagella(0
)/m/n/12 : Ad-dresses high lit-er-ary, eth-i-cal, or so-cial themes. More


Package hyperref Warning: Token not allowed in a PDF string (Unicode):
(hyperref)                removing `\Arabic' on input line 92.



Package fancyhdr Warning: \headheight is too small (14.0pt): 
(fancyhdr)                Make it at least 24.01996pt, for example:
(fancyhdr)                \setlength{\headheight}{24.01996pt}.
(fancyhdr)                You might also make \topmargin smaller to compensate:

(fancyhdr)                \addtolength{\topmargin}{-10.01996pt}.

[48]
Overfull \hbox (4.91365pt too wide) in paragraph at lines 127--128
[]\TU/TeXGyrePagella(0)/m/it/12 En-trance Ar-dah\TU/TeXGyrePagella(0)/m/n/12 : 
Per-formed en-ter-ing a vil-lage; used for wel-com-ing guests


Package fancyhdr Warning: \headheight is too small (14.0pt): 
(fancyhdr)                Make it at least 24.01996pt, for example:
(fancyhdr)                \setlength{\headheight}{24.01996pt}.
(fancyhdr)                You might also make \topmargin smaller to compensate:

(fancyhdr)                \addtolength{\topmargin}{-10.01996pt}.

[49]

Package hyperref Warning: Token not allowed in a PDF string (Unicode):
(hyperref)                removing `\Arabic' on input line 142.


Underfull \vbox (badness 1584) has occurred while \output is active

Package fancyhdr Warning: \headheight is too small (14.0pt): 
(fancyhdr)                Make it at least 24.01996pt, for example:
(fancyhdr)                \setlength{\headheight}{24.01996pt}.
(fancyhdr)                You might also make \topmargin smaller to compensate:

(fancyhdr)                \addtolength{\topmargin}{-10.01996pt}.

[50
Missing character: There is no ا (U+0627) in font TeXGyrePagella/B:mode=node;s
cript=latn;language=dflt;+tlig;!
Missing character: There is no ل (U+0644) in font TeXGyrePagella/B:mode=node;s
cript=latn;language=dflt;+tlig;!
Missing character: There is no م (U+0645) in font TeXGyrePagella/B:mode=node;s
cript=latn;language=dflt;+tlig;!
Missing character: There is no ع (U+0639) in font TeXGyrePagella/B:mode=node;s
cript=latn;language=dflt;+tlig;!
Missing character: There is no ل (U+0644) in font TeXGyrePagella/B:mode=node;s
cript=latn;language=dflt;+tlig;!
Missing character: There is no م (U+0645) in font TeXGyrePagella/B:mode=node;s
cript=latn;language=dflt;+tlig;!
]
Underfull \vbox (badness 3407) has occurred while \output is active

Package fancyhdr Warning: \headheight is too small (14.0pt): 
(fancyhdr)                Make it at least 24.01996pt, for example:
(fancyhdr)                \setlength{\headheight}{24.01996pt}.
(fancyhdr)                You might also make \topmargin smaller to compensate:

(fancyhdr)                \addtolength{\topmargin}{-10.01996pt}.

[51]

Package hyperref Warning: Token not allowed in a PDF string (Unicode):
(hyperref)                removing `\Arabic' on input line 217.



Package fancyhdr Warning: \headheight is too small (14.0pt): 
(fancyhdr)                Make it at least 24.01996pt, for example:
(fancyhdr)                \setlength{\headheight}{24.01996pt}.
(fancyhdr)                You might also make \topmargin smaller to compensate:

(fancyhdr)                \addtolength{\topmargin}{-10.01996pt}.

[52]
Overfull \hbox (12.05792pt too wide) in paragraph at lines 263--264
[]\TU/TeXGyrePagella(0)/m/n/12 Based on Syr-i-ac/Ara-maic met-rics (e.g., many 
sub-forms of the []\TU/Amiri(0)/m/n/12 القريدي[][]\TU/TeXGyrePagella(0)/
m/n/12 ). 

Underfull \vbox (badness 10000) has occurred while \output is active

Package fancyhdr Warning: \headheight is too small (14.0pt): 
(fancyhdr)                Make it at least 24.23395pt, for example:
(fancyhdr)                \setlength{\headheight}{24.23395pt}.
(fancyhdr)                You might also make \topmargin smaller to compensate:

(fancyhdr)                \addtolength{\topmargin}{-10.23395pt}.

[53]

Package hyperref Warning: Token not allowed in a PDF string (Unicode):
(hyperref)                removing `\Arabic' on input line 281.



Package hyperref Warning: Token not allowed in a PDF string (Unicode):
(hyperref)                removing `\Arabic' on input line 290.



Package fancyhdr Warning: \headheight is too small (14.0pt): 
(fancyhdr)                Make it at least 24.01996pt, for example:
(fancyhdr)                \setlength{\headheight}{24.01996pt}.
(fancyhdr)                You might also make \topmargin smaller to compensate:

(fancyhdr)                \addtolength{\topmargin}{-10.01996pt}.

[54]
Underfull \vbox (badness 3240) has occurred while \output is active

Package fancyhdr Warning: \headheight is too small (14.0pt): 
(fancyhdr)                Make it at least 24.01996pt, for example:
(fancyhdr)                \setlength{\headheight}{24.01996pt}.
(fancyhdr)                You might also make \topmargin smaller to compensate:

(fancyhdr)                \addtolength{\topmargin}{-10.01996pt}.

[55])

Package fancyhdr Warning: \headheight is too small (14.0pt): 
(fancyhdr)                Make it at least 24.01996pt, for example:
(fancyhdr)                \setlength{\headheight}{24.01996pt}.
(fancyhdr)                You might also make \topmargin smaller to compensate:

(fancyhdr)                \addtolength{\topmargin}{-10.01996pt}.

[56] (./chapters/ch05_modern_forms.tex
Chapter 5.


Package hyperref Warning: Token not allowed in a PDF string (Unicode):
(hyperref)                removing `\Arabic' on input line 10.


Underfull \vbox (badness 7796) has occurred while \output is active [57]

Package hyperref Warning: Token not allowed in a PDF string (Unicode):
(hyperref)                removing `\Arabic' on input line 33.



Package fancyhdr Warning: \headheight is too small (14.0pt): 
(fancyhdr)                Make it at least 24.01996pt, for example:
(fancyhdr)                \setlength{\headheight}{24.01996pt}.
(fancyhdr)                You might also make \topmargin smaller to compensate:

(fancyhdr)                \addtolength{\topmargin}{-10.01996pt}.

[58
Missing character: There is no ت (U+062A) in font TeXGyrePagella:mode=node;scr
ipt=latn;language=dflt;+tlig;!
Missing character: There is no ف (U+0641) in font TeXGyrePagella:mode=node;scr
ipt=latn;language=dflt;+tlig;!
Missing character: There is no ع (U+0639) in font TeXGyrePagella:mode=node;scr
ipt=latn;language=dflt;+tlig;!
Missing character: There is no ي (U+064A) in font TeXGyrePagella:mode=node;scr
ipt=latn;language=dflt;+tlig;!
Missing character: There is no ل (U+0644) in font TeXGyrePagella:mode=node;scr
ipt=latn;language=dflt;+tlig;!
Missing character: There is no ة (U+0629) in font TeXGyrePagella:mode=node;scr
ipt=latn;language=dflt;+tlig;!
Missing character: There is no ت (U+062A) in font TeXGyrePagella:mode=node;scr
ipt=latn;language=dflt;+tlig;!
Missing character: There is no ف (U+0641) in font TeXGyrePagella:mode=node;scr
ipt=latn;language=dflt;+tlig;!
Missing character: There is no ع (U+0639) in font TeXGyrePagella:mode=node;scr
ipt=latn;language=dflt;+tlig;!
Missing character: There is no ي (U+064A) in font TeXGyrePagella:mode=node;scr
ipt=latn;language=dflt;+tlig;!
Missing character: There is no ل (U+0644) in font TeXGyrePagella:mode=node;scr
ipt=latn;language=dflt;+tlig;!
Missing character: There is no ة (U+0629) in font TeXGyrePagella:mode=node;scr
ipt=latn;language=dflt;+tlig;!
Missing character: There is no ت (U+062A) in font TeXGyrePagella:mode=node;scr
ipt=latn;language=dflt;+tlig;!
Missing character: There is no ف (U+0641) in font TeXGyrePagella:mode=node;scr
ipt=latn;language=dflt;+tlig;!
Missing character: There is no ع (U+0639) in font TeXGyrePagella:mode=node;scr
ipt=latn;language=dflt;+tlig;!
Missing character: There is no ي (U+064A) in font TeXGyrePagella:mode=node;scr
ipt=latn;language=dflt;+tlig;!
Missing character: There is no ل (U+0644) in font TeXGyrePagella:mode=node;scr
ipt=latn;language=dflt;+tlig;!
Missing character: There is no ة (U+0629) in font TeXGyrePagella:mode=node;scr
ipt=latn;language=dflt;+tlig;!
]

Package hyperref Warning: Token not allowed in a PDF string (Unicode):
(hyperref)                removing `\Arabic' on input line 71.



Package hyperref Warning: Token not allowed in a PDF string (Unicode):
(hyperref)                removing `\Arabic' on input line 87.



Package fancyhdr Warning: \headheight is too small (14.0pt): 
(fancyhdr)                Make it at least 24.01996pt, for example:
(fancyhdr)                \setlength{\headheight}{24.01996pt}.
(fancyhdr)                You might also make \topmargin smaller to compensate:

(fancyhdr)                \addtolength{\topmargin}{-10.01996pt}.

[59
Missing character: There is no ت (U+062A) in font TeXGyrePagella:mode=node;scr
ipt=latn;language=dflt;+tlig;!
Missing character: There is no ف (U+0641) in font TeXGyrePagella:mode=node;scr
ipt=latn;language=dflt;+tlig;!
Missing character: There is no ع (U+0639) in font TeXGyrePagella:mode=node;scr
ipt=latn;language=dflt;+tlig;!
Missing character: There is no ي (U+064A) in font TeXGyrePagella:mode=node;scr
ipt=latn;language=dflt;+tlig;!
Missing character: There is no ل (U+0644) in font TeXGyrePagella:mode=node;scr
ipt=latn;language=dflt;+tlig;!
Missing character: There is no ة (U+0629) in font TeXGyrePagella:mode=node;scr
ipt=latn;language=dflt;+tlig;!
]

Package hyperref Warning: Token not allowed in a PDF string (Unicode):
(hyperref)                removing `\Arabic' on input line 116.


Underfull \hbox (badness 3291) in paragraph at lines 135--135
[]|\TU/TeXGyrePagella(0)/m/n/12 Are the im-ages fresh and un-ex-pected? Is ther
e

Underfull \vbox (badness 10000) has occurred while \output is active

Package fancyhdr Warning: \headheight is too small (14.0pt): 
(fancyhdr)                Make it at least 24.01996pt, for example:
(fancyhdr)                \setlength{\headheight}{24.01996pt}.
(fancyhdr)                You might also make \topmargin smaller to compensate:

(fancyhdr)                \addtolength{\topmargin}{-10.01996pt}.

[60
Missing character: There is no ت (U+062A) in font TeXGyrePagella:mode=node;scr
ipt=latn;language=dflt;+tlig;!
Missing character: There is no ف (U+0641) in font TeXGyrePagella:mode=node;scr
ipt=latn;language=dflt;+tlig;!
Missing character: There is no ع (U+0639) in font TeXGyrePagella:mode=node;scr
ipt=latn;language=dflt;+tlig;!
Missing character: There is no ي (U+064A) in font TeXGyrePagella:mode=node;scr
ipt=latn;language=dflt;+tlig;!
Missing character: There is no ل (U+0644) in font TeXGyrePagella:mode=node;scr
ipt=latn;language=dflt;+tlig;!
Missing character: There is no ة (U+0629) in font TeXGyrePagella:mode=node;scr
ipt=latn;language=dflt;+tlig;!
]

Package hyperref Warning: Token not allowed in a PDF string (Unicode):
(hyperref)                removing `\Arabic' on input line 143.


Overfull \hbox (10.49289pt too wide) in paragraph at lines 152--153
\TU/TeXGyrePagella(0)/m/n/12 tions, or use Nabati me-ters with Fusha lan-guage.
 This is tech-ni-cally non-standard


Package fancyhdr Warning: \headheight is too small (14.0pt): 
(fancyhdr)                Make it at least 24.01996pt, for example:
(fancyhdr)                \setlength{\headheight}{24.01996pt}.
(fancyhdr)                You might also make \topmargin smaller to compensate:

(fancyhdr)                \addtolength{\topmargin}{-10.01996pt}.

[61]
Underfull \hbox (badness 10000) in paragraph at lines 170--170
[]|\TU/TeXGyrePagella(0)/b/n/12 AI Eval-u-a-tion

Underfull \hbox (badness 10000) in paragraph at lines 170--170
[]|\TU/TeXGyrePagella(0)/m/n/12 Bo-hour li-brary

Underfull \hbox (badness 8000) in paragraph at lines 170--170
[]|\TU/TeXGyrePagella(0)/m/n/12 LLM qual-i-ta-tive

Underfull \hbox (badness 10000) in paragraph at lines 170--170
[]|\TU/TeXGyrePagella(0)/m/n/12 Nabati-specific

Underfull \hbox (badness 10000) in paragraph at lines 170--170
[]|\TU/TeXGyrePagella(0)/m/n/12 Form-specific


Package fancyhdr Warning: \headheight is too small (14.0pt): 
(fancyhdr)                Make it at least 24.01996pt, for example:
(fancyhdr)                \setlength{\headheight}{24.01996pt}.
(fancyhdr)                You might also make \topmargin smaller to compensate:

(fancyhdr)                \addtolength{\topmargin}{-10.01996pt}.

[62]
Overfull \hbox (30.74684pt too wide) in paragraph at lines 186--187
\TU/Amiri(0)/m/n/12 (1923–2007) التي نشرت قصيدة ``الكولي
را'' في ديسمبر 1947، وإلى بدر شاكر السياب (1926–1
964)

Package fancyhdr Warning: \headheight is too small (14.0pt): 
(fancyhdr)                Make it at least 24.01996pt, for example:
(fancyhdr)                \setlength{\headheight}{24.01996pt}.
(fancyhdr)                You might also make \topmargin smaller to compensate:

(fancyhdr)                \addtolength{\topmargin}{-10.01996pt}.

[63])

Package fancyhdr Warning: \headheight is too small (14.0pt): 
(fancyhdr)                Make it at least 24.01996pt, for example:
(fancyhdr)                \setlength{\headheight}{24.01996pt}.
(fancyhdr)                You might also make \topmargin smaller to compensate:

(fancyhdr)                \addtolength{\topmargin}{-10.01996pt}.

[64]

LaTeX Warning: Empty bibliography on input line 305.

(./appendices/appA_meters_reference.tex
Appendix A.

Underfull \hbox (badness 10000) in paragraph at lines 26--26
[]|\TU/Amiri(0)/m/n/12 فَعُولُنْ مَفَاعِيلُنْ فَعُو
لُنْ

Underfull \hbox (badness 10000) in paragraph at lines 32--32
[]|\TU/Amiri(0)/m/n/12 مُسْتَفْعِلُنْ مُسْتَفْعِلُن
ْ

Underfull \hbox (badness 10000) in paragraph at lines 33--33
[]|\TU/Amiri(0)/m/n/12 فَاعِلَاتُنْ/فَاعِلَا[][]

Underfull \hbox (badness 10000) in paragraph at lines 34--34
[]|\TU/Amiri(0)/m/n/12 مُسْتَفْعِلُنْ مُسْتَفْعِلُن
ْ

Underfull \hbox (badness 10000) in paragraph at lines 35--35
[]|\TU/Amiri(0)/m/n/12 مُسْتَفْعِلُنْ مَفْعُولَاتُ

Underfull \hbox (badness 10000) in paragraph at lines 36--36
[]|\TU/Amiri(0)/m/n/12 فَاعِلَاتُنْ مُسْتَفْعِ لُنْ
 [65
Missing character: There is no م (U+0645) in font TeXGyrePagella:mode=node;scr
ipt=latn;language=dflt;+tlig;!
Missing character: There is no ق (U+0642) in font TeXGyrePagella:mode=node;scr
ipt=latn;language=dflt;+tlig;!
Missing character: There is no ب (U+0628) in font TeXGyrePagella:mode=node;scr
ipt=latn;language=dflt;+tlig;!
Missing character: There is no و (U+0648) in font TeXGyrePagella:mode=node;scr
ipt=latn;language=dflt;+tlig;!
Missing character: There is no ض (U+0636) in font TeXGyrePagella:mode=node;scr
ipt=latn;language=dflt;+tlig;!
Missing character: There is no ة (U+0629) in font TeXGyrePagella:mode=node;scr
ipt=latn;language=dflt;+tlig;!
Missing character: There is no م (U+0645) in font TeXGyrePagella:mode=node;scr
ipt=latn;language=dflt;+tlig;!
Missing character: There is no خ (U+062E) in font TeXGyrePagella:mode=node;scr
ipt=latn;language=dflt;+tlig;!
Missing character: There is no ب (U+0628) in font TeXGyrePagella:mode=node;scr
ipt=latn;language=dflt;+tlig;!
Missing character: There is no و (U+0648) in font TeXGyrePagella:mode=node;scr
ipt=latn;language=dflt;+tlig;!
Missing character: There is no ن (U+0646) in font TeXGyrePagella:mode=node;scr
ipt=latn;language=dflt;+tlig;!
Missing character: There is no ة (U+0629) in font TeXGyrePagella:mode=node;scr
ipt=latn;language=dflt;+tlig;!
Missing character: There is no م (U+0645) in font TeXGyrePagella:mode=node;scr
ipt=latn;language=dflt;+tlig;!
Missing character: There is no ق (U+0642) in font TeXGyrePagella:mode=node;scr
ipt=latn;language=dflt;+tlig;!
Missing character: There is no ط (U+0637) in font TeXGyrePagella:mode=node;scr
ipt=latn;language=dflt;+tlig;!
Missing character: There is no و (U+0648) in font TeXGyrePagella:mode=node;scr
ipt=latn;language=dflt;+tlig;!
Missing character: There is no ف (U+0641) in font TeXGyrePagella:mode=node;scr
ipt=latn;language=dflt;+tlig;!
]
Underfull \hbox (badness 10000) in paragraph at lines 65--65
[]|\TU/Amiri(0)/m/n/12 فَعُولُنْ[][] \TU/TeXGyrePagella(0)/m/n/12 → 
[]\TU/Amiri(0)/m/n/12 فَعُولُ[][]\TU/TeXGyrePagella(0)/m/n/12 ; []\TU/Am
iri(0)/m/n/12 مَفَاعِيلُنْ[][] \TU/TeXGyrePagella(0)/m/n/12 →

Underfull \vbox (badness 10000) has occurred while \output is active

Package fancyhdr Warning: \headheight is too small (14.0pt): 
(fancyhdr)                Make it at least 24.01996pt, for example:
(fancyhdr)                \setlength{\headheight}{24.01996pt}.
(fancyhdr)                You might also make \topmargin smaller to compensate:

(fancyhdr)                \addtolength{\topmargin}{-10.01996pt}.

[66
Missing character: There is no م (U+0645) in font TeXGyrePagella:mode=node;scr
ipt=latn;language=dflt;+tlig;!
Missing character: There is no ح (U+062D) in font TeXGyrePagella:mode=node;scr
ipt=latn;language=dflt;+tlig;!
Missing character: There is no ذ (U+0630) in font TeXGyrePagella:mode=node;scr
ipt=latn;language=dflt;+tlig;!
Missing character: There is no و (U+0648) in font TeXGyrePagella:mode=node;scr
ipt=latn;language=dflt;+tlig;!
Missing character: There is no ف (U+0641) in font TeXGyrePagella:mode=node;scr
ipt=latn;language=dflt;+tlig;!
Missing character: There is no م (U+0645) in font TeXGyrePagella:mode=node;scr
ipt=latn;language=dflt;+tlig;!
Missing character: There is no و (U+0648) in font TeXGyrePagella:mode=node;scr
ipt=latn;language=dflt;+tlig;!
Missing character: There is no ق (U+0642) in font TeXGyrePagella:mode=node;scr
ipt=latn;language=dflt;+tlig;!
Missing character: There is no و (U+0648) in font TeXGyrePagella:mode=node;scr
ipt=latn;language=dflt;+tlig;!
Missing character: There is no ف (U+0641) in font TeXGyrePagella:mode=node;scr
ipt=latn;language=dflt;+tlig;!
]
Underfull \hbox (badness 10000) in paragraph at lines 89--89
[]|\TU/TeXGyrePagella(0)/b/n/12 Ap-prox-i-mate Pat-

Underfull \hbox (badness 10000) in paragraph at lines 89--89
[]|\TU/Amiri(0)/m/n/12 مستفعلن مستفعلن

Underfull \hbox (badness 10000) in paragraph at lines 89--89
[]|\TU/TeXGyrePagella(0)/m/n/12 Most com-mon

Underfull \hbox (badness 10000) in paragraph at lines 89--89
[]|\TU/Amiri(0)/m/n/12 مستفعلن مستفعلن

Underfull \hbox (badness 3713) in paragraph at lines 89--89
[]|\TU/TeXGyrePagella(0)/m/n/12 Old-est; an-ces-tor of

Underfull \hbox (badness 10000) in paragraph at lines 89--89
[]|\TU/TeXGyrePagella(0)/m/n/12 Camel-riding, jour-

Underfull \hbox (badness 10000) in paragraph at lines 89--89
[]|\TU/TeXGyrePagella(0)/m/n/12 In-no-vated by Ibn

Underfull \hbox (badness 10000) in paragraph at lines 89--89
[]|\TU/TeXGyrePagella(0)/m/n/12 Noc-tur-nal per-for-
)
Underfull \vbox (badness 10000) has occurred while \output is active

Package fancyhdr Warning: \headheight is too small (14.0pt): 
(fancyhdr)                Make it at least 24.01996pt, for example:
(fancyhdr)                \setlength{\headheight}{24.01996pt}.
(fancyhdr)                You might also make \topmargin smaller to compensate:

(fancyhdr)                \addtolength{\topmargin}{-10.01996pt}.

[67]

Package fancyhdr Warning: \headheight is too small (14.0pt): 
(fancyhdr)                Make it at least 24.01996pt, for example:
(fancyhdr)                \setlength{\headheight}{24.01996pt}.
(fancyhdr)                You might also make \topmargin smaller to compensate:

(fancyhdr)                \addtolength{\topmargin}{-10.01996pt}.

[68] (./appendices/appB_glossary.tex
Appendix B.

Underfull \vbox (badness 10000) has occurred while \output is active [69]
Underfull \vbox (badness 10000) has occurred while \output is active

Package fancyhdr Warning: \headheight is too small (14.0pt): 
(fancyhdr)                Make it at least 24.01996pt, for example:
(fancyhdr)                \setlength{\headheight}{24.01996pt}.
(fancyhdr)                You might also make \topmargin smaller to compensate:

(fancyhdr)                \addtolength{\topmargin}{-10.01996pt}.

[70
Missing character: There is no ا (U+0627) in font TeXGyrePagella:mode=node;scr
ipt=latn;language=dflt;+tlig;!
Missing character: There is no ، (U+060C) in font TeXGyrePagella:mode=node;scr
ipt=latn;language=dflt;+tlig;!
Missing character: There is no و (U+0648) in font TeXGyrePagella:mode=node;scr
ipt=latn;language=dflt;+tlig;!
Missing character: There is no ، (U+060C) in font TeXGyrePagella:mode=node;scr
ipt=latn;language=dflt;+tlig;!
Missing character: There is no ي (U+064A) in font TeXGyrePagella:mode=node;scr
ipt=latn;language=dflt;+tlig;!
]
Overfull \hbox (1.37651pt too wide) in paragraph at lines 73--74
\TU/TeXGyrePagella(0)/m/n/12 Po-etic com-pe-ti-tion be-tween two po-ets ex-chan
g-ing verses on the same

Underfull \vbox (badness 10000) has occurred while \output is active

Package fancyhdr Warning: \headheight is too small (14.0pt): 
(fancyhdr)                Make it at least 24.01996pt, for example:
(fancyhdr)                \setlength{\headheight}{24.01996pt}.
(fancyhdr)                You might also make \topmargin smaller to compensate:

(fancyhdr)                \addtolength{\topmargin}{-10.01996pt}.

[71]
Overfull \hbox (1.24449pt too wide) in paragraph at lines 97--98
\TU/TeXGyrePagella(0)/m/n/12 The dual-rhyme sys-tem: dis-tinct rhymes for sadr 
and ajuz hemistichs
)

Package fancyhdr Warning: \headheight is too small (14.0pt): 
(fancyhdr)                Make it at least 24.01996pt, for example:
(fancyhdr)                \setlength{\headheight}{24.01996pt}.
(fancyhdr)                You might also make \topmargin smaller to compensate:

(fancyhdr)                \addtolength{\topmargin}{-10.01996pt}.

[72] (./build/report.aux (./build/chapters/ch01_poetry_landscape.aux)
(./build/chapters/ch02_classical_poetry.aux)
(./build/chapters/ch03_nabati_poetry.aux)
(./build/chapters/ch04_performance_forms.aux)
(./build/chapters/ch05_modern_forms.aux)
(./build/appendices/appA_meters_reference.aux)
(./build/appendices/appB_glossary.aux)))
(see the transcript file for additional information)
 8262 words of node memory still in use:
   30 hlist, 2 vlist, 14 rule, 918 dir, 2 glue, 4 kern, 1 glyph, 598 attribute,
 114 glue_spec, 598 attribute_list, 7 write, 24 pdf_literal, 24 pdf_colorstack 
nodes
   avail lists: 1:3,2:2078,3:607,4:324,5:653,6:142,7:5949,8:2,9:1018,10:12,11:4
17
</usr/share/texmf/fonts/opentype/public/tex-gyre/texgyrecursor-regular.otf></us
r/share/texlive/texmf-dist/fonts/truetype/public/amiri/Amiri-Italic.ttf></usr/s
hare/texlive/texmf-dist/fonts/truetype/public/amiri/Amiri-Bold.ttf></usr/share/
texmf/fonts/opentype/public/tex-gyre/texgyrepagella-italic.otf></usr/share/texm
f/fonts/opentype/public/tex-gyre/texgyrepagella-bold.otf></usr/share/texmf/font
s/opentype/public/tex-gyre/texgyrepagella-regular.otf></usr/share/texlive/texmf
-dist/fonts/truetype/public/amiri/Amiri-Regular.ttf>
Output written on report.pdf (80 pages, 346165 bytes).
Transcript written on report.log.
Latexmk: ====Undefined refs and citations with line #s in .tex file:
  Missing character: There is no ا (U+0627) in font TeXGyrePagella:mode=node;scri
  Missing character: There is no ا (U+0627) in font TeXGyrePagella:mode=node;script=latn;language=dflt;+tlig;!
  Missing character: There is no ل (U+0644) in font TeXGyrePagella:mode=node;scri
  Missing character: There is no ل (U+0644) in font TeXGyrePagella:mode=node;script=latn;language=dflt;+tlig;!
  Missing character: There is no ب (U+0628) in font TeXGyrePagella:mode=node;scri
  Missing character: There is no ب (U+0628) in font TeXGyrePagella:mode=node;script=latn;language=dflt;+tlig;!
  Missing character: There is no ح (U+062D) in font TeXGyrePagella:mode=node;scri
 And 459 more --- see log file 'build/report.log'
Latexmk: Getting log file 'build/report.log'
Latexmk: Examining 'build/report.fls'
Latexmk: Examining 'build/report.log'
Latexmk: Found input bbl file 'build/report.bbl'
Latexmk: Log file says output to 'report.pdf'
Latexmk: Bibliography file(s) from .bcf file:
  bib/references.bib
Latexmk: Summary of warnings from last run of *latex:
  =====Latex reported missing or unavailable character(s).
=====See log file for details.
Latexmk: All targets (build/report.pdf) are up-to-date

